-- MySQL dump 10.13  Distrib 5.7.34, for Linux (x86_64)
--
-- Host: localhost    Database: elcorral_com
-- ------------------------------------------------------
-- Server version	5.7.34-0ubuntu0.18.04.1

/*!40101 SET @OLD_CHARACTER_SET_CLIENT=@@CHARACTER_SET_CLIENT */;
/*!40101 SET @OLD_CHARACTER_SET_RESULTS=@@CHARACTER_SET_RESULTS */;
/*!40101 SET @OLD_COLLATION_CONNECTION=@@COLLATION_CONNECTION */;
/*!40101 SET NAMES utf8 */;
/*!40103 SET @OLD_TIME_ZONE=@@TIME_ZONE */;
/*!40103 SET TIME_ZONE='+00:00' */;
/*!40014 SET @OLD_UNIQUE_CHECKS=@@UNIQUE_CHECKS, UNIQUE_CHECKS=0 */;
/*!40014 SET @OLD_FOREIGN_KEY_CHECKS=@@FOREIGN_KEY_CHECKS, FOREIGN_KEY_CHECKS=0 */;
/*!40101 SET @OLD_SQL_MODE=@@SQL_MODE, SQL_MODE='NO_AUTO_VALUE_ON_ZERO' */;
/*!40111 SET @OLD_SQL_NOTES=@@SQL_NOTES, SQL_NOTES=0 */;

--
-- Table structure for table `banner_restaurant`
--

DROP TABLE IF EXISTS `banner_restaurant`;
/*!40101 SET @saved_cs_client     = @@character_set_client */;
/*!40101 SET character_set_client = utf8 */;
CREATE TABLE `banner_restaurant` (
  `id` int(10) unsigned NOT NULL AUTO_INCREMENT,
  `img_uri` varchar(255) COLLATE utf8mb4_unicode_ci NOT NULL,
  `copy` varchar(255) COLLATE utf8mb4_unicode_ci NOT NULL,
  PRIMARY KEY (`id`)
) ENGINE=InnoDB AUTO_INCREMENT=2 DEFAULT CHARSET=utf8mb4 COLLATE=utf8mb4_unicode_ci;
/*!40101 SET character_set_client = @saved_cs_client */;

--
-- Dumping data for table `banner_restaurant`
--

LOCK TABLES `banner_restaurant` WRITE;
/*!40000 ALTER TABLE `banner_restaurant` DISABLE KEYS */;
INSERT INTO `banner_restaurant` VALUES (1,'/img/sliders/banner_restaurant20210125024445.jpeg','Encuentra tu restaurante más cercano y disfruta de una irresistible Todoterreno');
/*!40000 ALTER TABLE `banner_restaurant` ENABLE KEYS */;
UNLOCK TABLES;

--
-- Table structure for table `contents`
--

DROP TABLE IF EXISTS `contents`;
/*!40101 SET @saved_cs_client     = @@character_set_client */;
/*!40101 SET character_set_client = utf8 */;
CREATE TABLE `contents` (
  `id` int(10) unsigned NOT NULL AUTO_INCREMENT,
  `type` tinyint(1) NOT NULL,
  `content` varchar(255) COLLATE utf8mb4_unicode_ci NOT NULL,
  `order` int(10) NOT NULL,
  `new_id` int(10) unsigned NOT NULL,
  PRIMARY KEY (`id`),
  KEY `contents_new_id_foreign` (`new_id`),
  CONSTRAINT `contents_new_id_foreign` FOREIGN KEY (`new_id`) REFERENCES `news` (`id`) ON DELETE CASCADE ON UPDATE CASCADE
) ENGINE=InnoDB AUTO_INCREMENT=74 DEFAULT CHARSET=utf8mb4 COLLATE=utf8mb4_unicode_ci;
/*!40101 SET character_set_client = @saved_cs_client */;

--
-- Dumping data for table `contents`
--

LOCK TABLES `contents` WRITE;
/*!40000 ALTER TABLE `contents` DISABLE KEYS */;
INSERT INTO `contents` VALUES (4,0,'Uk8UULqTK_M',2,2),(5,0,'spQX1MfSu7A',1,3),(39,1,'/img/lo-nuevo/20191031075530.png',1,2),(60,1,'/img/lo-nuevo/20200810030700.jpeg',2,3),(61,1,'/img/lo-nuevo/20200810030709.jpeg',3,3),(63,1,'/img/lo-nuevo/20200810030727.jpeg',6,3),(64,1,'/img/lo-nuevo/20200810030735.jpeg',7,3),(66,1,'/img/lo-nuevo/20200810085244.jpeg',4,3),(71,1,'/img/lo-nuevo/20201103100622.jpeg',1,21),(72,1,'/img/lo-nuevo/20201103100634.jpeg',1,21),(73,1,'/img/lo-nuevo/20201103100644.jpeg',1,21);
/*!40000 ALTER TABLE `contents` ENABLE KEYS */;
UNLOCK TABLES;

--
-- Table structure for table `contingencia`
--

DROP TABLE IF EXISTS `contingencia`;
/*!40101 SET @saved_cs_client     = @@character_set_client */;
/*!40101 SET character_set_client = utf8 */;
CREATE TABLE `contingencia` (
  `id` int(10) unsigned NOT NULL AUTO_INCREMENT,
  `city` varchar(100) COLLATE utf8mb4_unicode_ci DEFAULT NULL,
  `pdv` varchar(100) COLLATE utf8mb4_unicode_ci DEFAULT NULL,
  `address` varchar(100) COLLATE utf8mb4_unicode_ci DEFAULT NULL,
  `urb` varchar(100) COLLATE utf8mb4_unicode_ci DEFAULT NULL,
  `phone` varchar(100) COLLATE utf8mb4_unicode_ci DEFAULT NULL,
  `pick_time` varchar(100) COLLATE utf8mb4_unicode_ci DEFAULT NULL,
  `active` tinyint(4) DEFAULT '1',
  `pick_able` tinyint(4) DEFAULT '0',
  `rappi` tinyint(4) DEFAULT '0',
  `own_delivery` tinyint(4) DEFAULT '0',
  `reopening` tinyint(4) DEFAULT '0',
  `dinning_room` tinyint(4) DEFAULT '0',
  `open_time` varchar(255) COLLATE utf8mb4_unicode_ci DEFAULT NULL,
  PRIMARY KEY (`id`)
) ENGINE=InnoDB AUTO_INCREMENT=338 DEFAULT CHARSET=utf8mb4 COLLATE=utf8mb4_unicode_ci;
/*!40101 SET character_set_client = @saved_cs_client */;

--
-- Dumping data for table `contingencia`
--

LOCK TABLES `contingencia` WRITE;
/*!40000 ALTER TABLE `contingencia` DISABLE KEYS */;
INSERT INTO `contingencia` VALUES (42,'Bogotá - Comedor abierto','Calle 109','CALLE 109 No.15-22  Local 1','San patricio','(031) 6543354','10:00 am-9:00 pm De Domingo a Jueves 10:00am-10:00pm De Viernes a Sábado',1,1,1,1,1,0,'.'),(43,'Bogotá','Calle 93','CARRERA 14 # 93 A - 69','Chico Norte 2','(031) 6543354 - 3174348441','10:00 am - 9:00 pm De Domingo a Jueves 10:00am-10:00pm De Viernes a Sábado',1,1,1,1,1,0,'.'),(44,'Bogotá','Cusezar','AVENIDA CALLE 116 # 7 - 15 Local 2','Santa Barbara','-','11:00 am - 8:00 pm De Lunes a Domingo',1,1,0,0,1,1,'.'),(45,'Bogotá','Jumbo 170','DIAGONAL 170 No. 64 – 42','SAN JOSE DE BAVARIA','(031) 6543354','10:00 am - 8:00 pm De Lunes a Domingo',1,1,1,1,1,0,'.'),(48,'Bogotá','Éxito colina','EXITO COLINA AV BOYACA CRA72 -146B','COLINA','-','10:00 am - 8:00 pm De Lunes a Domingo',1,1,0,0,1,1,'.'),(55,'Bogotá','EL RESTREPO','Calle 17 Sur No. 19-04/10','El Restrepo','(031) 6543354','10:00 am - 8:00 pm De Lunes a Domingo',1,1,1,1,1,0,'.'),(59,'Bogotá','JUMBO HAYUELOS','CALLE 20 No. 82 – 52 Local 225 – 226','Hayuelos','(031) 6543354','11:00 am - 8:00 pm de Lunes a Domingo',1,1,1,1,1,1,'.'),(60,'Bogotá','DIVER PLAZA','TRANSVERSAL 99 No.70 A 89 LOCAL 7 CC DIVER PLAZA','Alamos Norte, Zarzamora y Santa Rosita','(031) 6543354','11:00 am - 10:00 pm de Lunes a Domingo',1,1,0,0,1,1,'.'),(63,'Bogotá','JUMBO CRA 30','CRA 32 No. 18-10 Local 250','Cundinamarca','-','11:00 am - 5:00 pm De Lunes a Domingo',1,1,0,0,1,1,'.'),(71,'Bogotá','GALERIAS','CALLE 52 No. 24 – 12','Galerias','(031) 6543354','10:00 am A 9:00 pm De Lunes a Domingo',1,1,1,1,1,1,'.'),(73,'Bogotá','PARK WAY','CARRERA 24 No. 39 B – 31','La Soledad','(031) 6543354','10:00 am - 8:00 pm de Lunes a Domingo',1,1,1,1,1,0,'.'),(74,'Bogotá','TEXACO 7 DE AGOSTO','CARRERA 24 No. 62-39 Local 1','7 de Agosto y Campin','-','11:00am a 8:30pm de Lunes a Domingo',1,0,0,0,1,0,'.'),(75,'Bogotá','CAPITAL CENTER','AVENIDA CLL 26 No. 69C-83 Local 201 -202','Ciudad Salitre hasta la 68 Normandia','(031) 6543354','10:00 am - 9:00 pm de Lunes a Domingo',1,1,1,1,1,0,'.'),(76,'Bogotá','JUMBO 80','CALLE 81 No. 68 - 50 Local 4','Pontevedra, Bonanza y Largartos','(031) 6543354','11:00 am - 9:00 pm De Lunes a Domingo',1,1,1,1,1,1,'.'),(77,'Medellín','Laureles','TRANSVERSAL 39 B No. 74 - 09','Laureles','(034) 2836999','10:00 am - 9:00 pm De Domingo a Jueves 10:00 am - 10:00 pm De Viernes a Sábado',1,1,1,1,1,0,'.'),(78,'Medellín','La Mota','CARRERA 70 No.1 SUR-26','La Mota','(034) 2836999','11:00 am - 9:00 pm De Domingo a Jueves 11:00 am - 10:00 pm De Viernes a Sábado',1,1,1,1,1,0,'.'),(80,'Medellín','Poblado','CARRERA 32D No. 9 - 92','El Poblado','(034) 2836999','10:00 am - 9:00 pm De Domingo a Jueves 10:00 am - 10:00 pm De Viernes a Sábado',1,1,1,1,1,0,'.'),(81,'Medellín','Zona 2','Carrera 32 No. 2 Sur -47 Local 101','Alejandría','(034) 2836999','11:00 am - 9:00 pm De Domingo a Jueves 11:00 am - 10:00 pm Viernes y Sábado',1,1,1,1,1,0,'.'),(83,'Barranquilla','Alto Prado','CARRERA 52 No. 80-14','Alto Prado','(035) 3610405','11:00 am - 9:00 pm De Domingo a Jueves 11:00 am - 10:0o pm De Viernes a Sábado',1,0,1,1,0,0,'.'),(85,'Cali','LA FLORA CALI','AVENIDA 3i NORTE No. 49N-156','FLORA','(032) 6082224','11:00 am - 9:00 pm De Domingo a Jueves 11:00 am - 10:00 pm De Viernes a Sábado',1,1,1,1,1,0,'.'),(87,'Cali','ESSO GRANADA','Avenida 8 N No. 15 AN-40','GRANADA','-','11:00 am - 7:00 pm De Lunes a Domingo',1,1,1,1,1,1,'.'),(88,'Cali','LIMONAR','CALLE 9 No. 65 - 45 (EL LIMONAR)','LIMONAR','(032) 6082224','11:00 am - 9:00 pm De Domingo a Jueves 11:00 am - 10:00 pm De Viernes a Sábado',1,1,1,1,1,0,'.'),(91,'Cali','CAÑAS GORDAS','AV. CAÑAS GORDAS No. 112-18','AV CANAS GORDAS  CON 118 (CIUDAD JARDIN )','(032) 6082224','11:00 am - 9:00 pm De Domingo a Jueves 11:00 am - 10:00 pm De Viernes a Sábado',1,1,1,1,1,0,'.'),(92,'Cali','ESSO PORTAL SUR','ESTACION ESSO PORTAL DEL SUR CALLE 25 No. 93-75','CANEY /VALLE LILI','-','11:00 am - 10:00 pm De Lunes a Domingo',1,1,1,1,1,0,'.'),(94,'Bogotá','Calle 71','CARRERA 9 71-24','Quinta Camacho','(031) 6543354','10:00 am - 9:00 pm De Lunes a Domingo',1,1,1,1,1,0,'.'),(95,'Bogotá','Cedritos 139','AVENIDA 19 No. 139 A - 15','Cedritos','(031) 6543354','10:00 am - 9:30 pm De Lunes a Domingo',1,1,1,1,1,0,'.'),(98,'Bogotá','Plaza 127','AVENIDA CARRERA 45 No.125-91','Batan','(031) 6543354','11:00 am - 9:00 pm De Lunes a Domingo',1,1,1,1,1,0,'.'),(101,'Bogotá','Centro empresarial 106','Avenida carrera 45 No. 106-25','Pasadena','(031) 6543354','10:00 am - 8:00 pm De Lunes a Domingo',1,0,1,1,1,0,'.'),(102,'Medellin','Oviedo','CARRERA 43A No. 6 SUR - 15  Local 172','Patio Bonito','(034) 2836999','10:00 am - 9:00 pm De Lunes a Domingo',1,1,1,1,1,0,'.'),(107,'Cartagena','Bocagrande','AVENIDA SAN MARTIN No. 9-84','Bocagrande','-','11:00 am - 11:00 pm De Lunes a Domingo',1,1,1,0,1,0,'.'),(109,'Bogotá','CAN','CALLE 44 No. 57 A - 12','Can y Nicolas de Federman','(031) 6543354','11:00 am - 9:00 pm De Domingo a Jueves 11:00 am - 10:00 pm De Viernes a Sábado',1,1,1,1,1,0,'.'),(110,'Melgar','MELGAR','CARRERA 22 No. 5-25/47','Centro','(031) 6543354','11:00 am - 8:00 pm De Lunes a Domingo',1,1,1,1,1,0,'.'),(119,'Bogotá','EL TRIANGULO','CRA. 7 No.59-47','Chapinero Alto','(031) 6543354','10:00 am - 9:00 pm De Domingo a Jueves 10:00 am - 10:00 pm De Viernes a Sábado',1,1,1,1,1,1,'.'),(120,'Cúcuta','Ventura Plaza','DIAG.SANTANDER ENTRE CALLE 10 Y 11 CC V PLAZA L18-19  1ER PISO','Quinta Velez','333 622 2122','11:00 am - 9:00 pm De Domingo a Jueves 11:00 am - 10:00 pm De Viernes a Sábado',1,1,1,1,1,0,'.'),(121,'Cali','ROOSEVELT','Calle 6 # 37-39 Piso 1-2-3 AV. Roosevelt','SAN FERNANDO','(032) 6082224','11:00 am - 9:00 pm De Domingo a Jueves 11:00 am - 10:00 pm De Viernes a Sábado',1,1,1,1,1,0,'.'),(122,'Bogotá','El Lago Calle 76','CALLE 76 14-38','El Lago','(031) 6543354','10:00 am - 9:00 pm De Lunes a Domingo',1,1,1,1,1,0,'.'),(123,'Rionegro','Rionegro','SECTOR 3 PUERTAS LLANOGRANDE','Llanogrande','317 4348501 - (034) 2836999','11:00 am - 9:00 pm De Domingo a Jueves 11:00 am - 10:00 pm De Viernes a Sábado',1,1,1,1,1,0,'.'),(124,'Bogotá','Calle 85','CALLE 85 13 -77','COUNTRY','-','10:00 am - 10:00 pm De Lunes a Domingo',1,1,1,1,1,0,'.'),(126,'Chia','Esso Chia','CARRERA 1 No. 19-74 Local 1','Chia','-','11:00 am - 8:00 pm De Lunes a Domingo',1,1,0,0,1,0,'.'),(129,'Bogotá','Belaire','Centro Comercial Balarte','Cedritos','(031) 6543354','11:00 am - 8:00 pm De Lunes a Domingo',1,1,1,1,1,1,'.'),(130,'Bogotá','Calle 100','Calle 100 # 8-75 primer piso','Chico Norte','(031) 6543354','10:00 AM - 8:00 PM De Lunes a Domingo',1,1,1,1,1,0,'.'),(132,'Bogotá','Colina II','CALLE 138 No. 58 -74 Local 7 y 8','colina','(031) 6543354','10:00 am - 9:00 pm De Lunes a Domingo',1,1,1,1,1,0,'.'),(133,'Bogotá','Bima','AUTOPISTA NORTE No.232-35 Local 402','Bima','(031) 6543354','10:00 am - 7:00 pm De Lunes a Domingo',1,1,1,1,1,0,'.'),(135,'Bogotá','Imperial','CALLE 146 A No. 106-20 Local 2374','Suba','(031) 6543354','10:00 am - 8:00 pm De Lunes a Domingo',1,1,1,1,1,1,'.'),(139,'Bogotá','TEXACO 69','Carrera 7 69-26','Rosales','-','10:00 am - 1:00 am De Domingo a Jueves 10:00 am - 5:00 am De Viernes y Sábado',1,1,0,0,0,0,'.'),(140,'Cali','ARROYOHONDO','CARRERA 33 No. 10 - 29','ARROYOHONDO','-','11:00 am - 11:00 pm De Lunes a Jueves 11:00 am - 12:00 am Viernes y Sábado',1,1,1,0,1,0,'.'),(144,'Bogotá','Esso Campin','CARRERA 30 No. 53 A-62','Nicolas de federman','(031) 6543354','10:00 am - 8:00 pm De Domingo a Jueves 10:00 am - 9:00 pm De Viernes a Sábado',1,1,1,1,1,1,'.'),(145,'Florencia','Gran Plaza florencia','CARRERA 3A Bis No. 21A-14 D-22 Locales 266-268 y 269 Cccial Gran Plaza Florencia','Los Andes','333 622 2122','11:00 am - 8:00 pm De Lunes a Domingo',1,1,1,1,1,0,'.'),(146,'Tulua','La herradura','CARRERA 19C CON CLLE  28 Local G  15 - C.C LA HERRADURA','Pueblo nuevo','(032) 6082224','11:00 am - 9:00 pm De Lunes a Domingo',1,1,1,1,1,1,'.'),(147,'Pasto','Unicentro pasto','AV PANAMERICANA ENTRE CALLES 11-12 BARRIO LA AURORA Locales 259-260','La Aurora','(032) 6082224','11:00 am - 9:00 pm De Lunes a Domingo',1,1,1,1,1,0,'.'),(148,'Madrid','Casa Blanca','Calle 7 No. 1A-91 Este, Etapa 5 SM 2 SL 2 Local 43','Casa blanca','(031) 6543354','11:00 am - 7:00 pm De Lunes a Domingo',1,1,1,1,1,0,'.'),(150,'Bogotá','Portal 80','TRANSV. 100 A No. 97-20 Local 18-19','Pontevedra','(031) 6543354','11:00 am - 9:00 pm De Lunes a Domingo',1,1,1,1,1,1,'.'),(153,'Zipaquira','ZIPAQUIRA','C. C.CASA TERRACOTA ZIPAQUIRA CALLE 4 No. 5-55 Local 3','Parque la independencia','(031) 6543354','11:00 am - 9:00 pm De Lunes a Domingo',1,1,1,1,1,1,'.'),(154,'Neiva','San Pedro','cra 8a #38-42 local 142 cc san pedro plaza','granjas','333 622 2122','11:00 am - 8:00 pm De Lunes a Domingo',1,1,1,1,1,0,'.'),(155,'Cali','Santa Mónica','CALLE 28 NORTE No. 6 A- 16','Santa Mónica','(032) 6082224','11:00 am - 9:00 pm De Domingo a Jueves 11:00 am - 10:00 pm De Viernes a Sábado',1,1,1,1,1,0,'.'),(157,'Mosquera','ECOPLAZA','CARRERA 3 No. 15 A-57 Locales 8 y 9 C.C. Ecoplaza','Villanueva.','(031) 6543354','11:00 am - 9:00 pm de Lunes a Domingo',1,1,1,1,1,1,'.'),(158,'Bogotá','Incocentro','CALLE 57 R SUR No. 64-46 Estación de Servicio Incocentro','Madelena','(031) 6543354','10:00 am - 8:00 pm De Lunes a Domingo',1,1,1,1,1,0,'.'),(160,'Envigado','City Plaza','CALLE 36 D No. 27 A – 105 SUR Local 255-256 ENVIGADO','Envigado','(034) 2836999','11:00 am - 9:00 pm De Lunes a Domingo',1,1,1,1,1,1,'.'),(161,'Floridablanca','LA FLORIDA','CALLE 31 No. 25 A-19 Local 313','cañaveral','333 622 2122','11:00 am - 9:00 pm de Lunes a Domingo',1,1,1,1,1,1,'.'),(162,'Bucaramanga','La Quinta','CARRERA 38 No.49-12 LOCAL 416  CC LA QUINTA','Cabecera del Llano','333 622 2122','11:00 am - 9:00 pm De Domingo a Jueves 11:00 am - 10:00 pm De Viernes a Sábado',1,1,1,1,1,0,'.'),(163,'Sabaneta','VEGAS PLAZA','CARRERA 48 No. 76 D Sur -34 Local 8 Mall Ccial Las Vegas Plaza','Sabaneta','(034) 2836999','11:00 am - 9:00 pm De Domingo a Jueves 11:00 am - 10:00 pm De Viernes a Sábado',1,1,1,1,1,1,'.'),(164,'Bogotá','Edificio continental','Av Jimenez N° 4 - 16 Local 21','La candelaria','-','8:00 am - 7:00 pm de Lunes a Domingo',1,1,0,0,1,0,'.'),(165,'Bogotá','Calle 90','CARRERA 18 -89 38','Chico Norte','-','10:00 am - 8:30 pm De Lunes a Domingo',1,1,0,0,1,0,'.'),(166,'Bogotá','CENTRO MAYOR','AVENIDA CARRERA 27 No. 42A–61 Local 2 – 101 Y  2-102','Villa Mayor','(031) 6543354','11:00 am - 9:00 pm De Lunes a Domingo',1,1,1,1,1,1,'.'),(167,'Bogotá','San Rafael','CALLE 134 No. 47 – 01 Local 305','colina','(031) 6543354','10:00 am - 8:00 pm De Lunes a Domingo',1,1,1,1,1,1,'.'),(168,'Bello','PUERTA DEL NORTE','BELLO ANTOOQUIA DIAG 55 AV 35 -27 Locales 2029-2030','Bello','(034) 2836999','11:00 am - 9:00 pm De Lunes a Sábado 11:00 am - 8:45 pm Domingo',1,1,1,1,1,0,'.'),(173,'Girardot','JUMBO GIRARDOT','CALLE 28 No. 12 -30 PARQUEADERO JUMBO','Sucre','(031) 6543354 - 3174383281','11:00 am - 8:00 pm De Domingo a Jueves  11:00 am - 9:00 pm Viernes y Sábado',1,1,1,1,1,0,'.'),(174,'Chia','Bazaar Chia','VEREDA BOJACA LOS ZIPAS VIA CAJICA CHIA KM 9 Local 102','Vereda Bojacá','-','11:00 am - 8:00 pm De Lunes a Domingo',1,1,0,0,1,0,'.'),(175,'San Andres','SAN ANDRES','AVENIDA COLOMBIA No. 1A -16','Colombia','318 5896560','11:00 am - 7:00 pm De Lunes a Domingo',1,1,0,0,1,0,'.'),(176,'Cota','ALLEGRO COTA','Kilometro 6 Vía Siberia Cota Local 7','cota','(031) 6543354','11:00 am - 6:00 pm De Lunes a Domingo',1,1,1,1,1,0,'.'),(177,'Cali','PARQUE DEL PERRO','CARRERA 34 No. 3 -54','Parque del perro','-','11:00 am - 9:00 pm De Lunes a Domingo',1,1,0,0,1,0,'.'),(179,'Riohacha','Viva Wajira','CALLE 15 # 18-275 LOCAL 215 CE','cooperativo','(035) 3610405','11:00 am - 9:00 pm De Lunes a Domingo',1,1,1,1,1,0,'.'),(181,'Bogotá','Pepe sierra','AVENIDA 116 No. 18 B – 75','Santa Barbara','(031) 6543354','10:00 am - 9:00 pm De Domingo a Jueves 10:00 am - 10:00 pm De Viernes a Sábado',1,1,1,1,1,0,'.'),(183,'Bogotá','Texaco 123','Cra. 7 #123 - 98','SANTA BARBARA','(031) 6543354','11:00 am - 7:00 pm De Domingo a Jueves 11:00 am - 10:00 pm De Viernes a Sábado',1,1,1,1,1,1,'.'),(184,'Barranquilla','Carrera 46','CARRERA 46 No. 93 - 100','El Poblado','(035) 3610405','11:00 am - 9:00 pm De Domingo a Jueves 11:00 am - 10:00 pm De Viernes a Sábado',1,1,1,1,1,0,'.'),(186,'Bogotá','Esso Puente aranda','CARRERA 50 No. 19 – 15','Puente Aranda','(031) 6543354','11:00 am - 8:00 pm De Lunes a Domingo',1,1,0,0,1,1,'.'),(187,'Cajica','Fontanar','km. 2 Chia - Cajica Local Fc-12 CC Fontanar','Hacienda Fontanar','(031) 6543354','11:00 am - 8:30 pm De Lunes a Domingo',1,1,1,1,1,1,'.'),(189,'Duitama','Innovo Plaza','\"CALLE 18 No.12-54&nbsp; Local 2-24 A. \"','Solano','333 622 2122','11:00 am - 8:30 pm De Lunes a Domingo',1,1,1,1,1,1,'.'),(190,'Bogotá','CONECTA 26','AV. CALLE 26 No. 92-32 GOLD 5 Local 3','Complejo Conecta / Alamos Norte','(031) 6543354','10:00 am - 9:00 pm De Lunes a Domingo',1,1,1,1,1,0,'.'),(191,'Tunja','Green Hills','Carrera 11 a # 98-06 local 8','VEREDA PISGUA','333 622 2122','10:00 am - 8:30 pm De Lunes a Domingo',1,1,1,1,1,0,'.'),(192,'Bucaramanga','Cacique','Transversal Oriental  No. 90-182 Local 412 CCCIAL CACIQUE','El Tejar','333 622 2122','11:00 am - 8:00 pm De Domingo a Jueves 11:00 am - 9:0o pm De Viernes a Sábado',1,1,1,1,1,0,'.'),(195,'Montería','Alamedas','Calle 44 No. 10-91 Local 130 A 2','Villa del Río','333 622 2122','11:00 am - 9:00 pm De Lunes a Domingo',1,1,1,1,1,0,'.'),(196,'Cartagena','Mall Plaza','AV PEDRO DE HEREDIA CON CALLE 31 Local FC 205','Pie del Cerro','-','11:00 am - 9:00 pm De Lunes a Sábado 11:00 am - 8:00 pm Domingo',1,1,1,1,1,1,'.'),(197,'Santa Marta','Ocean Mall','AV. DEL RÍO CON AVDA. FERROCARRIL Locales 23-24','Bavaria','(035) 3610405','11:00 am - 9:00 pm De Lunes a Domingo',1,1,1,1,1,1,'.'),(198,'Bogotá','CENTRO INTERNACIONAL','CARRERA 7 No. 32 – 83 Local 102','Teusaquillo','(031) 6543354','11:00 am - 9:00 pm De Lunes a Domingo',1,1,1,1,1,0,'.'),(199,'Bogotá','Bulevar','AVDA. SUBA CON CALLE 127-59 Local 338','Niza','(031) 6543354','10:00 am - 9:00 pm De Lunes a Domingo',1,1,1,1,1,1,'.'),(200,'Popayan','Campanario','Carrera 9 #24 AN -21','Campamento','(032) 6082224','11:00 am - 9:00 pm De Lunes a Domingo',1,1,1,1,1,1,'.'),(201,'Manizales','Cable Plaza','Carrera 23 #65-11','Laureles','-','11:00 am - 9:00 pm De Lunes a Domingo',1,1,0,0,1,0,'.'),(202,'Manizales','Mall Plaza','Carrera 14D #55-251','La carola','333 622 2122','11:00 am – 8:30 pm De Lunes a Domingo',1,1,1,1,1,1,'.'),(203,'Armenia','Portal Quindío','Avenida Bolivar Cra 14 #19N- 46','Laureles','333 622 2122','11:00 am - 9:00 pm De Lunes a Domingo',1,1,1,1,1,1,'.'),(204,'Popayan','Terraplaza','Carrera 9 # 73BN - 22 Local 216','El placer','-','11:00 am - 9:00 pm De Lunes a Domingo',1,1,0,0,1,1,'.'),(205,'Soledad','Gran Plaza del Sol','CARRERA 32 #30-15','La Arboleda','(035) 3610405','12:00 am - 9:00 pm De Lunes a Domingo',1,1,1,1,1,1,'.'),(206,'Bogotá','Exito Chapinero','CRA. 13 No. 52-31','Chapinero','-','11:00 am - 8:30 pm De Lunes a Sábado 11:00 am - 7:30 pm Domingo',1,1,0,0,1,1,'.'),(207,'Bogotá','SAN CAYETANO','CALLE 46A No. 85 A – 51 Local 22','Los Monjes','-','11:00 am - 9:00 pm De Domingo a Jueves 11:00 am - 9:30 pm De Viernes a Sábado',1,1,0,0,1,1,'.'),(208,'Medellin','GRAN PLAZA','CALLE 45 No. 53 - 50 Locales 3025 - 3027','La candelaria','(034) 2836999','11:00 am - 7:00 pm De Lunes a Domingo',1,1,1,1,1,1,'.'),(209,'Pereira','PARQUE LA ARBOLEDA','AVENIDA CIRCUNVALAR No. 5-20 Local FC4B C.C. PARQUE ARBOLEDA','pereira','333 622 2122','11:00 am - 9:00 pm De Lunes a Domingo',1,1,1,1,1,0,'.'),(211,'Barranquilla','VIVA BARRANQUILLA','CRA. 51 B CALLE 90 Local 10','Riomar','(035) 3610405','11:00 am - 9:00 pm De Lunes a Domingo',1,1,1,1,1,0,'.'),(212,'Bogotá','HOMECENTER 80','AVDA. CARRERA 68 D No. 80-70','Julio Flores','(031) 6543354','11:00 am - 8:00 pm de Lunes a Sábado 11:00 am - 7:00 pm Domingos y Festivos',1,1,1,1,1,1,'.'),(213,'Medellin','Arkadia','CR 70 CL 1 - 19 Interior 443','Arkaria','-','11:00 am - 9:00 pm De Lunes a Domingo',1,1,0,0,1,1,'.'),(214,'Medellin','Mayorca','Carrera 48 No. 50 Sur -128 Local 144','Mayorca','-','11:00 am - 9:00 pm De Domingo a Jueves 11:00 am - 9:30 pm De Viernes a Sábado',1,1,0,0,1,0,'.'),(215,'Medellin','Jumbo 65','CALLE 47 B No. 75-115 Local 4','Naranjal.','-','11:00 am - 9:00 pm De Lunes a Domingo',1,1,0,0,1,1,'.'),(216,'Medellin','One Plaza','Carrera 43A No. 5A-113/123 Local 07 (123)','-','-','11:00 am - 8:30 pm De Lunes a Domingo',1,1,0,0,1,0,'.'),(217,'Medellin','PALMS AVENUE','Calle 18 No. 35-69 Local 250 Terraza 6 Cuarto Util 05','-','-','11:00 am - 9:00 pm De Lunes a Jueves 11:00 am - 11:00 pm De Viernes a Sábado 11:00 am - 8:00 pm Domi',1,1,0,0,1,0,'.'),(218,'Medellin','PREMIUM PLAZA','CARRERA 43 A No. 30 – 25 Local 2254','-','-','11:00 am - 9:00 pm De Lunes a Sábado 11:00 am - 8:00 pm Domingo',1,1,0,0,1,1,'.'),(220,'Medellin','VIVA ENVIGADO','Carrera 48 No. 32B Sur - 139 Local 341','-','-','11:00 am - 9:00 pm De Lunes a Domingo',1,1,0,0,1,0,'.'),(221,'Medellin','LOS MOLINOS','CALLE 30 A No. 82 A-26 Local 2085','Belen','-','11:00 am - 9:00 pm De Domingo a Jueves 11:00 am - 10:00 pm De Viernes a Sábado',1,1,0,0,1,1,'.'),(222,'Sincelejo','GUACARÍ','CALLE 32 No. 25B-350','-','(035) 6517261','11:00 am - 9:00 pm De Lunes a Domingo',1,1,1,1,1,0,'.'),(223,'Ibagué','MULTICENTRO','CARRERA 5 No. 60-123 Local 215. C.C. MULTICENTRO','-','-','11:00 am - 9:00 pm De Domingo a Jueves 11:00 am - 10:00 pm De Viernes a Sábado',1,1,0,0,1,0,'.'),(224,'Manizales','FUNDADORES','CALLE 33B No. 20-73  Local&nbsp; 350 -351   C.C. FUNDADORES','-','-','11:00 am - 9:00 pm De Domingo a Jueves 11:00 am - 10:00 pm De Viernes a Sábado',1,1,0,0,1,1,'.'),(225,'Ibagué','LA ESTACIÓN','CALLE 60 CON AMBALA  No. 12- 224 Local  272 - 2. C.C. LA ESTACION','-','333 622 2122','11:00 am - 9:00 pm De Lunes a Domingo',1,1,1,1,1,1,'.'),(226,'Palmira','Unicentro Palmira','CALLE 42 No. 35-188 Local 2-08 CCIAL UNICENTRO PALMIRA','-','(032) 6082224','11:00 am - 9:00 pm De Lunes a Domingo',1,1,1,1,1,1,'.'),(227,'Yopal','UNICENTRO YOPAL','CARRERA 29 No. 14-47 C Local No. 2-66 CCIAL UNICENTRO YOPAL','-','333 622 2122','11:00 am - 9:00 pm De Lunes a Domingo',1,1,1,1,1,1,'.'),(228,'Barranquilla','PORTAL DEL PRADO','CALLE 53 No. 50 ESQUINA Local 219 Y 220','Barrio abajo','(035) 3610405','12:00 pm - 9:00 pm De Lunes a Domingo',1,1,1,1,1,1,'.'),(230,'Pereira','Unicentro Pereira','AVENIDA 30 DE AGOSTO No. 75- 51 Local C- 39 C.C. UNICENTRO  C.C. UNICENTRO','-','333 622 2122','11:00 am - 9:00 pm De Lunes a Domingo',1,1,1,1,1,1,'.'),(231,'Medellin','SANTAFÉ','CARRERA 43A No. 7 SUR-130 Local N-486','-','-','11:00 am - 8:45 pm De Domingo a Jueves 11:00 am - 9:45 pm De Viernes a Sábado',1,1,0,0,1,1,'.'),(232,'Bogotá','Américas','AVDA.AMERCAS No. 39-22','-','(031) 6543354','11:00 am - 9:00 pm De Lunes a Domingo',1,1,1,1,1,0,'.'),(233,'Bogotá','BAZAAR ALSACIA','CALLE 12B No. 71D – 61','-','(031) 6543354','10:00 am - 9:00 pm De Lunes a Domingo',1,1,1,1,1,0,'.'),(234,'Medellin','UNICENTRO MEDELLIN','CARRERA 66B No. 34A -76  Local 374 - 375','-','-','11:00 am - 9:00 pm De Domingo a Jueves 11:00 am - 10:00 pm De Viernes a Sábado',1,1,0,0,1,1,'.'),(235,'Santa Marta','Buena vista Santa Marta','AV. EL LIBERTADOR PARQUE TRUPILLOS Local 41 Y 42','-','-','11:00 am - 9:00 pm De Lunes a Jueves 11:00 am - 9:00 pm De Viernes a Domingo',1,1,1,0,1,1,'.'),(237,'Bogotá','Calima','AVDA. CALLE 19 No. 28-80&nbsp; Local C-30&nbsp;','Paloquemado','-','11:00 am - 10:00 pm De Lunes a Domingo',1,1,1,0,1,0,'.'),(238,'Bogotá','Calle 122','CALLE 122 No. 18B - 05','Santa Barbara','(031) 6543354','10:00 am - 8:00 pm De Lunes a Domingo',1,1,1,1,1,0,'.'),(239,'Medellin','El Tesoro','CARRERA 25 A No. 1A SUR-45   Local - 1360','-','-','8:00 am - 9:00 pm De Lunes a Domingo',1,1,0,0,1,0,'.'),(240,'Villavicencio','UNICENTRO VILLAVICENCIO','AVDA. 40 No. 26 C-10A 40 Local 319 -ER PISO   UNICENTRO','-','-','11:00 am - 8:00 pm De Lunes a Domingo',1,1,0,0,1,1,'.'),(241,'Bogotá','Cedritos 151','DIAGONAL 150 No. 16-56 Local 2038','Cedritos','-','11:00 am - 8:00 pm De Lunes a Domingo',1,1,0,0,1,1,'.'),(242,'Villavicencio','PRIMAVERA URBANA','Calle 15 No. 40 - 01 Local 140','-','-','11:00 am - 8:00 pm De Lunes a Domingo',1,1,0,0,1,0,'.'),(243,'Bogotá','Centenario','CLL 13 N° 64-71  Local 44','Santa Ines','-','11:00 am - 6:00 pm De Lunes a Domingo',1,1,0,0,1,1,'.'),(244,'Cali','Centenario Cali - Plazoleta','AVENIDA 4 NORTE No. 7 N – 46 Local 312 – 313','-','-','11:00 am - 9:00 pm De Lunes a Domingo',1,1,1,1,1,1,'.'),(245,'Villavicencio','VIVA VILLAVICENCIO','CALLE  7 No. 45-185  Local 110 – 111 PRIMER PISO','-','333 622 2122','11:00 am - 8:00 pm De Lunes a Domingo',1,1,1,1,1,1,'.'),(246,'Bogotá','Centro Mayor II','AVENIDA CARRERA 27 No. 38 A – 83 Local 3024 A','-','-','10:00 am - 8:00 pm De Lunes a Domingo',1,1,0,0,1,1,'.'),(247,'Bogotá','Viva Fontivon','AVENIDA CENTENARIO  No.106-55 Local 102','Fontibon','(031) 6543354','11:00 am - 8:30 pm De Lunes a Domingo',1,1,1,1,1,0,'.'),(248,'Cali','Chipichape','CLLE 38 NORTE No. 6 N-35  Local 229-230','-','-','11:00 am - 10:00 pm De Lunes a Domingo',1,1,1,1,1,0,'.'),(249,'Cali','Cosmocentro','CALLE 5 No. 50 – 103 Local 312','-','-','11:00 am - 9:00 pm De Lunes a Domingo',1,1,1,1,1,1,'.'),(250,'Cali','EDS Granada','AVENIDA 8N No. 15 AN-40','.','-','11:00 am - 10:00 pm De Domingo a Jueves y  de 11:00 am a 11:00 pm Viernes y Sábado',1,1,1,1,1,1,'.'),(251,'Bogotá','Esso Las Margarita','DIAGONAL 145 No. 35-93','-','-','11:00 am - 9:00 pm De Lunes a Domingo',1,1,1,1,1,1,'.'),(252,'Bogotá','Éxito 170','Cra. 43 No. 173-98 Local 4','-','-','11:00 am - 8:00 pm De Lunes a Domingo',1,1,0,0,1,1,'.'),(253,'Bogotá','Éxito Calle 80','CARRERA 59A No. 79 – 30','-','-','11:00 am - 9:00 pm De Lunes a Domingo',1,1,0,0,1,1,'.'),(255,'Bogotá','SANTA FE II','CALLE 183 No. 45-03 Local 3 – 102','Santa Fe','-','11:00 am - 7:30 pm De Lunes a Domingo',1,1,0,0,1,1,'.'),(256,'Cali','Premier Limonar','CALLE 5 No.  69 -03 Local  220 – 221','-','-','11:00 am - 9:00 pm De Lunes a Domingo',1,1,1,1,1,1,'.'),(257,'Bogotá','PLAZA DE LAS AMERICAS','TRANSVERSAL 71 D No. 26-94 SUR  Local 2912','-','-','11:00 am - 9:00 pm De Lunes a Domingo',1,1,0,0,1,1,'.'),(258,'Cali','PALMETTO','CALLE 9 No. 56-50 C.C PALMETTO Local 223-224','-','-','11:00 am - 9:00 pm De Lunes a Domingo',1,1,1,1,1,1,'.'),(259,'Bogotá','Éxito Country','CARRERA  9 CALLE 134 Local 3','-','-','11:00 am - 8:00 pm De Lunes a Domingo',1,1,0,0,1,1,'.'),(260,'Bogotá','Palatino','CARRERA 7 No. 139-07 Local 307','-','-','11:00 am - 7:30 pm De Lunes a Domingo',1,1,0,0,1,1,'.'),(261,'BOGOTÁ','GRAN ESTACIÓN','AV. LA ESPERANZA 62-49 Local 314','-','-','11:00 am - 8:00 pm De Domingo a Jueves 11:00 am - 9:0o pm De Viernes a Sábado',1,1,0,0,1,1,'.'),(262,'BOGOTÁ','HAYUELOS','CALLE 20 No. 82 – 52 Local 225 – 226','-','-','11:00 am - 9:00 pm De Domingo a Jueves 11:00 am - 10:00 pm De Viernes a Sábado',1,1,0,0,1,1,'.'),(263,'BOGOTÁ','HOMECENTER 170','Autopista Norte No. 175-50','-','-','11:00 am - 8:00 pm De Lunes a Domingo',1,1,0,0,1,1,'.'),(264,'BOGOTÁ','ISERRA','CARRERA 38 No. 97-76 Local 323','-','-','11:00 am - 9:00 pm De Lunes a Domingo',1,1,0,0,1,1,'.'),(265,'Bogotá','Metropolis','AVENIDA 68 No. 75A - 50 Local 215A - 216A','-','-','11:00 am - 9:00 pm De Lunes a Domingo',1,1,0,0,1,1,'.'),(266,'CALI','JARDIN PLAZA','CARRERA 98 No. 16 - 200   Local.16','-','(032) 6082224','11:00 am - 9:00 pm De Lunes a Domingo',1,1,1,1,1,1,'.'),(267,'Bogotá','Multiplaza La Felicidad','Calle 19A No. 72-57 Local CFC-03 Multiplaza La Felicidad','-','-','11:00 am - 8:00 pm De Lunes a Domingo',1,1,0,0,1,1,'.'),(268,'Medellin','Viva Laureles','CARRERA 81 No. 37-100 Local L 130','-','-','11:00 am - 9:00 pm De Lunes a Sábado 11:00 am - 8:00 pm Domingo',1,1,0,0,1,1,'.'),(269,'Chia','Centro Chia','AVENIDA PRADILLA 900 ESTE CHIA Local 52','-','-','11:00 am - 8:00 pm De Lunes a Domingo',1,1,0,0,0,1,'.'),(270,'Bogotá','Unicentro Bogotá','AVENIDA 15 No. 123 - 30  Local 280','-','-','10:00 am - 9:30 pm De Lunes a Domingo',1,1,0,0,1,0,'.'),(271,'Medellin','San diego','CALLE 34 No. 43 – 66 Local 2361- 2362','-','-','11:00 am - 8:30 pm De Domingo a Jueves 11:00 am - 9:00 pm De Viernes a Sábado',1,1,0,0,1,1,'.'),(272,'Bogotá','Parque Colina','Carrera 58D No. 146-51  Local FC 3','-','-','11:00 am - 8:30 pm De Lunes a Domingo',1,1,0,0,1,1,'.'),(273,'Barranquilla','Oulet unico','CALLE 74 No. 38D-113 Local K 008','Betania','(035) 6517261 - 3183529353','11:00 am - 9:00 pm De Lunes a Domingo',1,1,1,1,1,1,'.'),(274,'Soacha','VENTURA TERREROS','Carrera 1a No. 38-53 Local 3-19','Quintanares','(031) 6543354','10:00 am - 8:00 pm De Lunes a Domingo',1,1,1,1,1,1,'.'),(276,'Cucuta','Unicentro Cúcuta','AVDA.LOS LIBERTADORES CON CANAL BOGOTÀ L. 1-99','-','333 622 2122','11:00 am - 9:00 pm De Domingo a Jueves 11:00 am - 10:00 pm  Viernes y Sábado',1,1,1,1,1,1,'.'),(277,'Tunja','Unicentro Tunja','CARRERA 1A CALLE 40 Local 1099','-','333 622 2122','11:00 am - 8:30 pm De Lunes a Domingo',1,1,1,1,1,1,'.'),(278,'Cali','Único Cali','CALLE 52 ENTRE CARRERA 3 Y 4 Local 105 B','-','-','11:00 am - 9:00 pm De Lunes a Domingo',1,1,1,1,1,1,'.'),(279,'Bogotá','Green Office','CARRERA 11 A No.98-06 Locales 8-9 Ala B','-','-','11:00 am - 7:00 pm De Lunes a Domingo',1,1,0,0,1,0,'.'),(280,'Bogotá','Hacienda Santa barbara','CRA. 7 CON AVDA PEPE SIERRA Local 111','-','-','11:00 am - 9:00 pm De Lunes a Domingo',1,1,0,0,1,1,'.'),(281,'Bogotá','Parque 97','CARRERA 13 No.28 – 01  Local  173','-','(031) 6543354','10:00 am - 8:00 pm De Lunes a Domingo',1,1,1,1,1,0,'.'),(282,'Cali','Unicentro Cali','Carrera 100 # 5-169 local 386','-','-','11:00 am - 9:00 pm De Lunes a Domingo',1,1,1,1,1,1,'.'),(283,'Bogotá','Centro Andino','CRA. 11 No.82-01/71 Local 405','-','-','11:00 am - 8:30 pm De Lunes a Domingo',1,1,0,0,1,1,'.'),(284,'Cartagena','Caribe Plaza','CALLE 29 D No. 22-150 Local 211','-','(035) 3610405','11:00 am - 9:00 pm De Domingo a Jueves 11:00 am - 10:00 pm De Viernes a Sábado',1,1,1,1,1,1,'.'),(285,'Santa Marta','Zazue','CARRERA 7 # 116A-94 Local 1-53','-','(035) 3610405','11:00 am - 9:00 pm De Lunes a Domingo',1,1,1,1,1,0,'.'),(287,'Cartagena','Nao Cartagena','AV SAN MARTIN CALLE 5 Local 77 CCIAL NAO','-','(035) 6517261','11:00 am - 9:00 pm De Domingo a Jueves 11:00 am - 10:00 pm De Viernes a Sábado',1,1,1,1,1,0,'.'),(288,'Chia','Chia II','AVENIDA PRADILLA 900 ESTE CHIA Local 165-166','-','(031) 6543354','11:00 am - 9:00 pm De Lunes a Domingo',1,1,1,1,1,1,'.'),(292,'Barranquilla','Buena vista','CRA. 53 CALLE 98 Locales 207 Y 208 CCIAL BUENAVISTA','-','-','11:00 am - 9:00 pm De Lunes a Domingo',1,1,1,0,1,1,'.'),(293,'Montería','Buena Vista','CARRERA 6 No. 68-72 Local 227 C.CIAL Buenavista','-','-','11:00 am - 9:00 pm De Lunes a Domingo',1,1,1,0,1,1,'.'),(294,'Bogotá','Cafam II','AVENIDA CRA. 68 No. 90-88 Local 103-203 Dentro CC. 1er. Piso','-','-','11:00 am - 8:30 pm De Lunes a Domingo',1,1,0,0,1,0,'.'),(295,'Tunja','Viva tunja','AV. UNIVERSITARIA No. 50 - 21 Lo 1 B Local 267','-','-','11:00 am - 7:00 pm De Lunes a Domingo',1,1,0,0,1,0,'.'),(297,'Valledupar','Guatapurí','DIAGONAL 10 #6N-15','-','(035) 3610405','11:00 am - 9:00 pm De Lunes a Domingo',1,1,1,1,1,0,'.'),(298,'Bogotá','Unicentro Bogotá II','AVENIDA 15 No. 123 - 30 Local 280','-','-','11:00 am - 8:00 pm De Lunes a Domingo',1,1,0,0,1,1,'.'),(299,'Bogotá','Toberin','Calle 168 No. 19B-65 Local 1 Toberin','-','(031) 6543354','11:00 am - 9:00 pm De Domingo a Jueves 11:00 am - 10:0o pm De Viernes a Sábado',1,0,1,1,1,0,'.'),(300,'Bogotá','Capital Tower','CALLE 24 # 51-40','-','(031) 6543354','11:00 am - 9:00 pm De Domingo a Jueves 11:00 am - 10:00 pm De Viernes a Sábado',1,1,1,1,1,0,'.'),(301,'Cali','Esso Yumbo','CALLE 15 No. 35-147 ACOPI YUMBO','-','-','11:00 am - 9:00 pm De Lunes a Domingo',1,1,1,1,1,0,'.'),(302,'Bogotá','CALLE 38','CARRERA 13 No. 38 – 65','Teusaquillo','(031) 6543354','10:00 am - 9:00 pm De Lunes a Domingo',1,1,1,1,1,0,'.'),(303,'Bogotá','Titan Plaza','AV CARRERA 72 No. 80-94 Local 3-39 /340 C.C TITAN PLAZA','Pontevedra','-','11:00 am - 8:30 pm De Lunes a Domingo',1,1,0,0,1,1,'.'),(305,'Bogotá','Plaza Central','Calle 13 Entre Carreras 65 y 62 Local 3-52','-','-','11:00 am - 8:00 pm De Lunes a Domingo',1,1,1,1,1,1,'.'),(306,'Cartagena','Exito Cartagena','AVENIDA PEDRO DE HEREDIA No. 69-75 Local 4','-','(035) 6517261','11:00 am - 7:00 pm De Lunes a Sábado 11:00 am - 6:00 pm Domingo',1,1,1,1,1,1,'.'),(307,'Bogotá','Zuca','Zuca Plaza, Autopista Medellíon Km. 3.9 costado Sur, Local 109 Bloque A','-','-','11:00 am - 8:00 pm De Lunes a Domingo',1,1,0,0,1,0,'.'),(308,'Soacha','Mercurio','CARRERA 7 No. 32 – 35 Local 253 – 254 SOACHA','-','-','11:00 am - 7:40 pm De Lunes a Domingo',1,1,0,0,1,1,'.'),(309,'Cartagena','Plaza Bocagrande','CARRERA 1 No. 12-118 Locales 317 y 318 C.C. Plaza Bocagrande','-','-','11:00 am - 9:00 pm De Lunes a Domingo',1,1,1,1,1,1,'.'),(310,'Bogotá','El Eden','Av. Boyacá #72 #12b-18Local 070 piso 3','-','-','11:00 am - 8:00 pm De Lunes a Domingo',1,1,0,0,1,1,'.'),(311,'BOGOTÁ','Briceño','LOTE ENTRE VIAS No. 1B VEREDA APOSENTOS','-','(031) 6543354','10:00 am - 6:00 pm De Lunes a Domingo',1,1,1,1,1,0,'.'),(312,'Funza','PARQUE INDUSTRIAL SANTA LUCIA','KILOMETRO 3,3 VIA SIBERIA','-','-','11:00 am - 8:00 pm De Lunes a Domingo',1,1,0,0,1,0,'.'),(313,'Bogotá','ESTACION LOS ABUELOS','Calle 170 # 20A-08','-','(031) 6543354','10:00 am - 9:00 pm De Domingo a Jueves 10:00 am - 10:00 pm De Viernes a Sábado',1,1,1,1,1,0,'.'),(314,'Bogotá','San martin','CARRERA 7 No. 31 – 94 Local 409','-','-','10:00 am - 8:00 pm De Lunes a Domingo',1,1,0,0,1,1,'.'),(315,'Barranquilla','VILLA COUNTRY','CALLE 78 No. 53-70 Local 326-327','-','(035) 3610405','11:00 am - 8:00 pm De Domingo a Jueves 11:00 am - 9:0o pm Viernes y Sábado',1,1,1,1,1,1,'.'),(316,'Bogotá','Salitre Plaza','CARRERA 68B No. 40 - 39 Local 371','El Salitre','-','11:00 am - 8:00 pm De Lunes a Domingo',1,1,1,1,1,1,'.'),(317,'Bogotá','Javeriana','CALLE 41 No. 7 - 29','-','-','11:00 am - 6:00 pm De Lunes a Domingo',1,1,0,0,1,0,'.'),(318,'Bogotá','Campestre','CARRETERA CENTRAL NORTE KM. 20 VEREDA FUSCA','-','-','11:00 am - 7:00 pm De Lunes a Domingo',1,1,0,0,1,0,'.'),(319,'Bogotá','Aeropuerto El Dorado','AEROPUERTO EL DORADO Local No. 2371','-','-','24 HORAS',1,1,0,0,1,0,'.'),(320,'Bogotá','MAKRO NORTE','AVDA. PASEO DE LOS LIBERTADORES No. 193 -34','-','-','9:00 am - 8:30 pm De Lunes a Domingo',1,1,0,0,1,0,'.'),(321,'Bogotá','Santa FE','CALLE 183 No. 45-03 Local 381','Santa Fe','-','10:00 am - 7:30 pm De Lunes a Domingo',1,1,0,0,1,1,'.'),(324,'Bogotá','Atlantis','CALLE 80 No. 13 A-20 Local 403','-','-','11:00 am - 8:00 pm De Lunes a Domingo',1,1,0,0,1,1,'.'),(325,'Bogotá','Avenida Chile','CALLE 73 Nº 10-83 Local 6 Y 7','-','-','11:00 am - 8:00 pm De Lunes a Domingo',1,1,0,0,1,1,'.'),(328,'Bogotá','Cafam I','TRANSV. 48 No.94-97 3 PISO CONCESIÓN 525','-','-','11:00 am - 8:00 pm De Lunes a Domingo',1,1,0,0,1,1,'.'),(329,'Bogotá','Cardio Infantil','CALLE 163 A No. 27 A 45 Local 8','-','-','11:00 am - 8:00 pm De Lunes a Domingo',1,1,0,0,1,1,'.'),(330,'Bogotá','Colina Campestre II','CALLE 138 No 58 -74 Local 7 y 8','colina','(031) 6543354','10:00 am - 9:00 pm De Lunes a Domingo',1,1,1,1,1,0,'.'),(332,'Bogotá','Texaco 123','AVENIDA 7 No. 123-98','-','(031) 6543354','11:00 am - 8:00 pm De Lunes a Domingo',1,1,1,1,1,1,'.'),(333,'Bogotá','TORRE CUSEZAR','AVENIDA CALLE 116 # 7 - 15 Local 2','-','-','11:00 am - 8:00 pm De Lunes a Domingo',1,1,0,0,1,0,'.'),(334,'Valledupar','MAYALES PLAZA','CALLE 31 No. 6 A- 133','-','(035) 3610405','12:00 am - 8:00 pm De Lunes a Domingo',1,1,1,1,1,0,'.'),(335,'Bogotá','Paseo Villa del Rio','Carrera 63 No. 57G - 46 Sur Local 348 Bogotá','-','-','11:00 am - 8:00 pm De jueves a Domingo. De 11:00am a 9:00pm viernes y sábado',1,0,0,0,1,1,'.'),(336,'Fusagasugá','EC Fusagasugá','Calle 8 No. 24-84 Local 225 Fusagasugá Cundinamarca','-','-','Todos los días 10:00am a 09:00pm',1,0,0,0,1,0,'Todos los días 10:00am a 09:00pm'),(337,'Palmira','Llanogrande Palmira','Calle 31 No. 44 - 239 Local 512 - 512a Palmira','-','-','-',1,0,0,0,1,0,'-');
/*!40000 ALTER TABLE `contingencia` ENABLE KEYS */;
UNLOCK TABLES;

--
-- Table structure for table `legals`
--

DROP TABLE IF EXISTS `legals`;
/*!40101 SET @saved_cs_client     = @@character_set_client */;
/*!40101 SET character_set_client = utf8 */;
CREATE TABLE `legals` (
  `id` int(10) unsigned NOT NULL AUTO_INCREMENT,
  `title` varchar(255) NOT NULL,
  `text` text NOT NULL,
  PRIMARY KEY (`id`)
) ENGINE=InnoDB AUTO_INCREMENT=7 DEFAULT CHARSET=latin1;
/*!40101 SET character_set_client = @saved_cs_client */;

--
-- Dumping data for table `legals`
--

LOCK TABLES `legals` WRITE;
/*!40000 ALTER TABLE `legals` DISABLE KEYS */;
INSERT INTO `legals` VALUES (3,'Corralazos','<?xml encoding=\"utf-8\" ?><?xml encoding=\"utf-8\" ?><p data-pm-slice=\"1 1 []\"><font color=\"#3e2420\">V&aacute;lido desde el 23 de enero del 2021 hasta el 31 de enero del 2022 en todos los restaurantes de El Corral a nivel nacional. Im&aacute;genes de referencia publicitaria. <b>Hamburguesa Callejera</b> en combo: Una hamburguesa que contiene una carne de 125 gramos, queso mozzarella, papas callejera, salsa de tomate, salsa blanca, mostaza y pan tipo ajonjol&iacute;, acompa&ntilde;ada de papas medianas (francesas o cascos) y gaseosa, t&eacute; o agua (16 oz o PET-dependiendo de disponibilidad). <b>Hamburguesa Doble Doble</b> en combo: Una hamburguesa que contiene dos carnes de 90 gramos, dos tajadas de queso mozzarella, cebolla caramelizada, lechuga, tomate, salsa blanca y pan tipo ajonjol&iacute;, acompa&ntilde;ada de papas medianas (francesas o cascos) y gaseosa, t&eacute; o agua (16 oz o PET-dependiendo de disponibilidad). <b>Pollo BBQ Callejera</b> en combo: Una hamburguesa que contiene pollo de 154 gramos, queso mozzarella, papas callejera, salsa BBQ, salsa blanca, mostaza y pan tipo ajonjol&iacute;, acompa&ntilde;ada de papas medianas (francesas o cascos) y gaseosa, t&eacute; o agua (16 oz o PET-dependiendo de disponibilidad).&nbsp; Todos nuestros precios incluyen impuestos, en caso de que aplique.</font><span style=\"color: rgb(62, 36, 32);\">.</span></p>\n'),(5,'Kit Hamburguesero','<?xml encoding=\"utf-8\" ?><!--?xml encoding=\"utf-8\" ?--><p data-pm-slice=\"1 1 []\">El kit incluye: 4 porciones de carne de 165gr c/u listas para asar, queso mozzarella en tajadas 500gr, 1 kg de papa corral, sal corral, salsa bbq El Corral por $55.900. Puedes adicionar a tu kit: 2 carnes m&aacute;s por $14.000 o 4 carnes m&aacute;s por $24.000</p>\n'),(6,'Combo de Combos','<?xml encoding=\"utf-8\" ?><!--?xml encoding=\"utf-8\" ?--><!--?xml encoding=\"utf-8\" ?--><p data-pm-slice=\"1 1 []\"><strong>Combo para dos son:</strong> dos (2) hamburguesas Corral con malteada de 12 oz que pueden ser de frutos del bosque, chocolate o vainilla (el sabor de la malteada est&aacute; sujeto a disponibilidad en el punto de venta) y dos (2) papas a la francesa agrandadas. <strong>Combo para tres:</strong> una (1) hamburguesa Corral, una (1) hamburguesa Callejera y una (1) hamburguesa Corralita con tres (3) papas a la francesa agrandadas y tres (3) bebidas pet (gaseosa, agua o H2oh seg&uacute;n disponibilidad del punto de venta). <strong>Combo para cuatro son:</strong> una (1) Corral Queso, una (1) Corral Callejera y dos (2) Corralitas con cuatro (4) papas a la francesa agrandadas y cuatro (4) bebidas pet (gaseosa, agua o H2oh seg&uacute;n disponibilidad del punto de venta). <strong>Combo para Parchar son:</strong> dos (2) malteadas de 12 o 16 Oz que pueden ser de frutos del bosque, chocolate o vainilla (el sabor de la malteada est&aacute; sujeto a disponibilidad en el punto de venta) y dos (2) papas a la francesa agrandadas.<br></p><p>Las hamburguesas incluidas en los combos son &uacute;nicamente las mencionadas anteriormente, no es posible realizar cambios de hamburguesas fuera de las mencionadas. Los combos est&aacute;n sujetos a disponibilidad del punto de venta. Fotos de referencia publicitaria.</p>\n');
/*!40000 ALTER TABLE `legals` ENABLE KEYS */;
UNLOCK TABLES;

--
-- Table structure for table `links`
--

DROP TABLE IF EXISTS `links`;
/*!40101 SET @saved_cs_client     = @@character_set_client */;
/*!40101 SET character_set_client = utf8 */;
CREATE TABLE `links` (
  `id` int(10) unsigned NOT NULL AUTO_INCREMENT,
  `name` varchar(255) COLLATE utf8mb4_unicode_ci NOT NULL,
  `url` varchar(255) COLLATE utf8mb4_unicode_ci NOT NULL,
  PRIMARY KEY (`id`)
) ENGINE=InnoDB DEFAULT CHARSET=utf8mb4 COLLATE=utf8mb4_unicode_ci;
/*!40101 SET character_set_client = @saved_cs_client */;

--
-- Dumping data for table `links`
--

LOCK TABLES `links` WRITE;
/*!40000 ALTER TABLE `links` DISABLE KEYS */;
/*!40000 ALTER TABLE `links` ENABLE KEYS */;
UNLOCK TABLES;

--
-- Table structure for table `menu_img`
--

DROP TABLE IF EXISTS `menu_img`;
/*!40101 SET @saved_cs_client     = @@character_set_client */;
/*!40101 SET character_set_client = utf8 */;
CREATE TABLE `menu_img` (
  `id` int(10) unsigned NOT NULL AUTO_INCREMENT,
  `uri` varchar(255) COLLATE utf8mb4_unicode_ci NOT NULL,
  `order` int(10) NOT NULL,
  PRIMARY KEY (`id`)
) ENGINE=InnoDB DEFAULT CHARSET=utf8mb4 COLLATE=utf8mb4_unicode_ci;
/*!40101 SET character_set_client = @saved_cs_client */;

--
-- Dumping data for table `menu_img`
--

LOCK TABLES `menu_img` WRITE;
/*!40000 ALTER TABLE `menu_img` DISABLE KEYS */;
/*!40000 ALTER TABLE `menu_img` ENABLE KEYS */;
UNLOCK TABLES;

--
-- Table structure for table `news`
--

DROP TABLE IF EXISTS `news`;
/*!40101 SET @saved_cs_client     = @@character_set_client */;
/*!40101 SET character_set_client = utf8 */;
CREATE TABLE `news` (
  `id` int(10) unsigned NOT NULL AUTO_INCREMENT,
  `title` varchar(255) COLLATE utf8mb4_unicode_ci NOT NULL,
  `meta_title` varchar(255) COLLATE utf8mb4_unicode_ci DEFAULT NULL,
  `slug` varchar(255) COLLATE utf8mb4_unicode_ci NOT NULL,
  `description` text COLLATE utf8mb4_unicode_ci NOT NULL,
  `banner_img` varchar(255) COLLATE utf8mb4_unicode_ci NOT NULL,
  `custom_url` varchar(255) COLLATE utf8mb4_unicode_ci DEFAULT NULL,
  `campaign_tag_img` varchar(255) COLLATE utf8mb4_unicode_ci DEFAULT NULL,
  `content_entry` longtext COLLATE utf8mb4_unicode_ci,
  `button_text` varchar(255) COLLATE utf8mb4_unicode_ci DEFAULT NULL,
  `created_at` timestamp NULL DEFAULT NULL,
  `updated_at` timestamp NULL DEFAULT NULL,
  `order` int(11) NOT NULL DEFAULT '1',
  PRIMARY KEY (`id`)
) ENGINE=InnoDB AUTO_INCREMENT=25 DEFAULT CHARSET=utf8mb4 COLLATE=utf8mb4_unicode_ci;
/*!40101 SET character_set_client = @saved_cs_client */;

--
-- Dumping data for table `news`
--

LOCK TABLES `news` WRITE;
/*!40000 ALTER TABLE `news` DISABLE KEYS */;
INSERT INTO `news` VALUES (2,'¡La más Todoterreno!','Hamburguesa Todoterreno | El Corral: La Receta Original','--la-m--s-todoterreno-','Hamburguesa con doble carne a la parrilla, queso, tocineta y deliciosos pepinillos. ¿Con bebida o malteada? ¡Tú eliges! No te la puedes perder.','/img/lo-nuevo/20201029022208.jpeg',NULL,'/img/lo-nuevo/601dd5cd24db8.png','<?xml encoding=\"utf-8\" ?><p><span lang=\"ES-MX\" style=\"font-size: 24px; line-height: 107%; font-family: Calibri, sans-serif;\">Como no vas a tener antojo de una hamburguesa\r\nTodoterreno; doble carne 100% de res de &frac12; libra a la parrilla, jugosa tocineta,\r\ndelicioso queso mozzarella, verduras frescas y salsa BBQ. &iquest;Se te hizo agua la\r\nboca? Pues no esperes m&aacute;s y pru&eacute;bala ya, acomp&aacute;&ntilde;ala con papas corral y tu\r\nbebida favorita, tu eliges.&nbsp;</span><br></p>\n','¡Haz clic aquí!',NULL,'2021-02-05 23:33:33',6),(3,'¡Vaqueros, mucho más que perros calientes!','Perros calientes Vaqueros l El Corral: La receta original','--vaqueros--mucho-m--s-que-perros-calientes-','Si te gustan los perros calientes, tienes que probar el Vaquero de El Corral con salchicha a la parrilla en su versión sencilla, queso, mexicana o hawaiana.','/img/lo-nuevo/20210205113608.jpeg',NULL,'/img/lo-nuevo/601dd688da585.png','<?xml encoding=\"utf-8\" ?><!--?xml encoding=\"utf-8\" ?--><!--?xml encoding=\"utf-8\" ?--><!--?xml encoding=\"utf-8\" ?--><p class=\"MsoNormal\"><span lang=\"ES-MX\" style=\"font-size: 24px; line-height: 107%;\">Para los fans de los perros calientes, nuestros Vaqueros son mucho m&aacute;s que eso, diferentes sabores podr&aacute;s disfrutar en cada uno de ellos, acompa&ntilde;ados de nuestras inigualables papitas y gaseosa o solos. Tu decides como te gustan m&aacute;s.</span></p><p class=\"MsoNormal\"><a href=\"https://pideenlinea.elcorral.com/?source=pagElCorral#no-back-button\" target=\"_blank\"><img data-filename=\"Banner-Vaquero-Sencillo.jpg\" style=\"width: 1086px;\" alt=\"\" width=\"\" height=\"\" title=\"\" class=\"\" role=\"\" src=\"https://www.elcorral.com/img/lo-nuevo/6040f90d6fb51.jpeg\"></a><span lang=\"ES-MX\" style=\"font-size:12.0pt;line-height:107%;\r\nmso-ascii-font-family:Calibri;mso-hansi-font-family:Calibri;mso-bidi-font-family:\r\nCalibri;mso-ansi-language:ES-MX\"><br></span></p><p class=\"MsoNormal\"><span style=\"font-size: 24px; line-height: 107%;\">Con una deliciosa salchicha a la parrilla en pan perro, con cebolla picada, papas chips trituradas y salsas, puedes pedirlo en combo con deliciosas papitas corral y gaseosa.</span></p><p class=\"MsoNormal\"><a href=\"https://pideenlinea.elcorral.com/?source=pagElCorral#no-back-button\" target=\"_blank\"><img data-filename=\"Banner-Vaquero-Especial.jpg\" style=\"width: 1086px;\" alt=\"\" width=\"\" height=\"\" title=\"\" class=\"\" role=\"\" src=\"https://www.elcorral.com/img/lo-nuevo/6040f90d8d1dc.jpeg\"></a><span style=\"font-size:12.0pt;line-height:107%;mso-ascii-font-family:\r\nCalibri;mso-hansi-font-family:Calibri;mso-bidi-font-family:Calibri\"><br></span></p><p class=\"MsoNormal\"><span style=\"font-size:12.0pt;line-height:107%;mso-ascii-font-family:\r\nCalibri;mso-hansi-font-family:Calibri;mso-bidi-font-family:Calibri\"></span></p><p></p><p></p><p class=\"MsoNormal\"><span lang=\"ES-MX\" style=\"font-size:12.0pt;line-height:107%;\r\nmso-ascii-font-family:Calibri;mso-hansi-font-family:Calibri;mso-bidi-font-family:\r\nCalibri;mso-ansi-language:ES-MX\"></span></p><p class=\"MsoNormal\"><span style=\"font-size: 24px; line-height: 107%;\">Perro caliente con una deliciosa salchicha a la parrilla en pan perro, con queso mozzarella, tocineta, cebolla picada, papas chips trituradas y salsas, acomp&aacute;&ntilde;alo con papitas y gaseosa.</span></p><p class=\"MsoNormal\"><a href=\"https://pideenlinea.elcorral.com/?source=pagElCorral#no-back-button\" target=\"_blank\"><img data-filename=\"Banner-Vaquero-Queso.jpg\" style=\"width: 1086px;\" alt=\"\" width=\"\" height=\"\" title=\"\" class=\"\" role=\"\" src=\"https://www.elcorral.com/img/lo-nuevo/6040f90da921a.jpeg\"></a><span style=\"font-size:12.0pt;line-height:107%;mso-ascii-font-family:\r\nCalibri;mso-hansi-font-family:Calibri;mso-bidi-font-family:Calibri\"><br></span></p><p class=\"MsoNormal\"><span style=\"font-size: 24px; line-height: 107%;\">Una deliciosa salchicha a la parrilla en pan perro, con queso mozzarella, cebolla picada, papas chips trituradas y salsas, p&iacute;delo en combo con nuestras inigualables papitas y tu bebida favorita.</span></p><p class=\"MsoNormal\"><a href=\"https://pideenlinea.elcorral.com/?source=pagElCorral#no-back-button\" target=\"_blank\"><img data-filename=\"Banner-Vaquero-Mexicano.jpg\" style=\"width: 1086px;\" alt=\"\" width=\"\" height=\"\" title=\"\" class=\"\" role=\"\" src=\"https://www.elcorral.com/img/lo-nuevo/6040f90dc5e76.jpeg\"></a><span style=\"font-size:12.0pt;line-height:107%;mso-ascii-font-family:\r\nCalibri;mso-hansi-font-family:Calibri;mso-bidi-font-family:Calibri\"><br></span></p><p class=\"MsoNormal\"><span style=\"font-size: 24px; line-height: 107%;\">Con una deliciosa salchicha a la parrilla en pan perro, frijol refrito, guacamole y tortillas de ma&iacute;z, acomp&aacute;&ntilde;alo con unas ricas papitas y gaseosa.</span></p><p class=\"MsoNormal\"><a href=\"https://pideenlinea.elcorral.com/?source=pagElCorral#no-back-button\" target=\"_blank\"><img data-filename=\"Banner-Vaquero-Hawaiano.jpg\" style=\"width: 1086px;\" alt=\"\" width=\"\" height=\"\" title=\"\" class=\"\" role=\"\" src=\"https://www.elcorral.com/img/lo-nuevo/6040f90dda23a.jpeg\"></a><span style=\"font-size:12.0pt;line-height:107%;mso-ascii-font-family:\r\nCalibri;mso-hansi-font-family:Calibri;mso-bidi-font-family:Calibri\"><br></span></p><p class=\"MsoNormal\"><span style=\"font-size:12.0pt;line-height:107%;mso-ascii-font-family:\r\nCalibri;mso-hansi-font-family:Calibri;mso-bidi-font-family:Calibri\"></span></p><p></p><p></p><p class=\"MsoNormal\"><span style=\"font-size:12.0pt;line-height:107%;mso-ascii-font-family:\r\nCalibri;mso-hansi-font-family:Calibri;mso-bidi-font-family:Calibri\"></span></p><p class=\"MsoNormal\"><span style=\"font-size: 24px; line-height: 107%;\">Perro caliente con una deliciosa salchicha a la parrilla en pan perro, queso mozzarella, deliciosa pi&ntilde;a, papas chips trituradas y salsas, puedes comerlo solo o p&iacute;delo tambi&eacute;n en combo.</span></p><p class=\"MsoNormal\"><span style=\"font-size:12.0pt;line-height:107%;mso-ascii-font-family:\r\nCalibri;mso-hansi-font-family:Calibri;mso-bidi-font-family:Calibri\"></span></p><p></p><p></p><p class=\"MsoNormal\"><span lang=\"ES-MX\" style=\"font-size:12.0pt;line-height:107%;\r\nmso-ascii-font-family:Calibri;mso-hansi-font-family:Calibri;mso-bidi-font-family:\r\nCalibri;mso-ansi-language:ES-MX\"></span></p><p></p><p></p>\n','¡Conócelos aquí!',NULL,'2021-03-04 15:14:26',7),(7,'¡Llegaron los Corralazos!','Corralazos, deliciosos combos de hamburguesas | El Corral: La receta original','--llegaron-los-corralazos-','No te quedes con las ganas de probar nuestros Corralazos acompañados de unas deliciosas papitas y tu bebida favorita.','/img/lo-nuevo/20210201050137.jpeg',NULL,'/img/lo-nuevo/601dd114968d2.png','<?xml encoding=\"utf-8\" ?><!--?xml encoding=\"utf-8\" ?--><!--?xml encoding=\"utf-8\" ?--><!--?xml encoding=\"utf-8\" ?--><!--?xml encoding=\"utf-8\" ?--><!--?xml encoding=\"utf-8\" ?--><!--?xml encoding=\"utf-8\" ?--><p><span lang=\"ES-MX\" style=\"font-size: 24px; line-height: 107%; font-family: Calibri, sans-serif;\">Llegaron los Corralazos para que no te quedes\r\ncon las ganas: el Doble Doble, el Callejero y el Pollo BBQ Callejero, est&aacute;n\r\naqu&iacute; para que disfrutes de una hamburguesa deliciosa en combo con papitas y\r\ngaseosa. &iexcl;Que ganas de un Corralazo!</span></p><p><a href=\"https://pideenlinea.elcorral.com/?source=pagElCorral#no-back-button\" target=\"_blank\"><img data-filename=\"Banner-Corralazos-Pollo-BBQ-Callejera.jpg\" style=\"width: 1086px;\" alt=\"\" width=\"\" height=\"\" title=\"\" class=\"\" role=\"\" src=\"https://www.elcorral.com/img/lo-nuevo/6040f191f0ef6.jpeg\"></a></p><p class=\"MsoNormal\"><span lang=\"ES-MX\" style=\"font-size: 24px; line-height: 107%;\">Nuestro nuevo Corralazo Pollo BBQ Callejero\r\nconsta de una hamburguesa con un delicioso pollo de 154 gr, queso mozzarella,\r\npapas callejeras, salsa BBQ, salsa blanca y pan ajonjol&iacute;, acompa&ntilde;ada de papas\r\ncorral y gaseosa.</span></p><p class=\"MsoNormal\"><a href=\"https://pideenlinea.elcorral.com/?source=pagElCorral#no-back-button\" target=\"_blank\"><img data-filename=\"Banner-Corralazos-Callejera.jpg\" style=\"width: 1086px;\" alt=\"\" width=\"\" height=\"\" title=\"\" class=\"\" role=\"\" src=\"https://www.elcorral.com/img/lo-nuevo/6040f1921a5b7.jpeg\"></a><span style=\"font-size: 24px;\">Nuestro Corralazo Callejero con una jugosa\r\ncarne 100% de res 125 gr, queso mozzarella, papas callejeras, salsas y pan\r\najonjol&iacute;, m&aacute;s unas inigualables papas corral y tu bebida favorita.</span><a href=\"https://pideenlinea.elcorral.com/?source=pagElCorral#no-back-button\" target=\"_blank\"><img data-filename=\"Banner-Corralazos-Doble-Doble.jpg\" style=\"width: 1086px;\" alt=\"\" width=\"\" height=\"\" title=\"\" class=\"\" role=\"\" src=\"https://www.elcorral.com/img/lo-nuevo/6040f192402e3.jpeg\"></a></p><p></p><p class=\"MsoNormal\"><span lang=\"ES-MX\" style=\"font-size: 24px; line-height: 107%;\">Nuestro Corralazo Doble Doble con dos jugosas\r\ncarnes 100% de res de 90 gr cada una, dos tajadas de queso mozzarella, cebolla\r\ncaramelizada, lechuga fresca, tomate fresco, mayonesa y pan ajonjol&iacute;,\r\nacompa&ntilde;ado de unas riqu&iacute;simas papas corral y gaseosa.</span></p><p></p><p></p><p class=\"MsoNormal\"><br></p><p class=\"MsoNormal\"><span lang=\"ES-MX\" style=\"font-size:12.0pt;line-height:107%;\r\nmso-ascii-font-family:Calibri;mso-hansi-font-family:Calibri;mso-bidi-font-family:\r\nCalibri;mso-ansi-language:ES-MX\"></span></p><p></p><p></p>\n','Pide aquí',NULL,'2021-03-04 14:41:22',1),(18,'¡Para preparar en casa!','¡Para preparar en casa!','--para-preparar-en-casa-','Ahora podrán disfrutar de nuestro nuevo Plan Hamburguesero en el que encontrarán los mejores ingredientes de El Corral: 4 porciones de nuestra deliciosa carne de 165 gr, 500gr de queso, 1kg de nuestras inconfundibles papas corral, salsa BBQ y nuestraAhora podrán disfrutar de nuestro nuevo Plan Hamburguesero en el que encontrarán los mejores ingredientes de El Corral: 4 porciones de nuestra deliciosa carne de 165 gr, 10 tajadas de queso, 1kg de nuestras inconfundibles papas corral, salsa BBQ y nuestra inconfundible Sal Corral.','/img/lo-nuevo/20210312072946.jpeg',NULL,'/img/lo-nuevo/601dd5a1ae70e.png','<?xml encoding=\"utf-8\" ?><!--?xml encoding=\"utf-8\" ?--><!--?xml encoding=\"utf-8\" ?--><!--?xml encoding=\"utf-8\" ?--><!--?xml encoding=\"utf-8\" ?--><p style=\"margin-top: 0pt; margin-bottom: 0pt; margin-left: 0in; direction: ltr; unicode-bidi: embed; word-break: normal;\"><font face=\"Calibri\"><span style=\"font-size: 24px;\">&iquest;Est&aacute;s buscando un planzazo para compartir en familia o con amigos? Pues aqu&iacute; te tenemos la mejor opci&oacute;n. Disfruta de nuestro Plan Hamburguesero, en cual encontrar&aacute;s los mejores ingredientes de El Corral: 4 porciones de nuestra jugosa carne de 165 gr, 500gr de queso, 1kg de nuestras inigualables papas corral, salsa BBQ y nuestra inconfundible Sal Corral. &iquest;Delicioso verdad?&nbsp;</span></font><br></p><p style=\"margin-top: 0pt; margin-bottom: 0pt; margin-left: 0in; direction: ltr; unicode-bidi: embed; word-break: normal;\"></p><p>\r\n\r\n\r\n\r\n\r\n\r\n\r\n\r\n</p><p style=\"margin-top: 0pt; margin-bottom: 0pt; margin-left: 0in; direction: ltr; unicode-bidi: embed; word-break: normal;\"><span style=\"font-size: 18pt; font-family: Calibri;\">El </span><span style=\"font-size: 18pt; font-family: Calibri;\">Planzazo</span><span style=\"font-size: 18pt; font-family: Calibri;\"> El Corral est&aacute; sujeto a disponibilidad.</span></p>\n','¡Conoce más aquí!','2020-09-16 18:28:24','2021-03-18 18:14:14',5),(19,'¡PROGRAMA TU PEDIDO A DOMICILIO AQUÍ!','¡PROGRAMA TU PEDIDO A DOMICILIO AQUÍ!','--programa-tu-pedido-a-domicilio-aqu---','Ahora podrás pedir a domicilio tus hamburguesas, malteadas y mucho más por nuestra página web.','/img/lo-nuevo/20210205112856.jpeg',NULL,'/img/lo-nuevo/601dd4b8063f1.png','<?xml encoding=\"utf-8\" ?><?xml encoding=\"utf-8\" ?><p><span lang=\"ES-MX\" style=\"font-size: 24px; line-height: 107%; font-family: Calibri, sans-serif;\">Si tienes un antojito hace d&iacute;as que no has\r\npodido cumplir: una hamburguesa, papitas, un vaquero o una malteada, lo que\r\ndesees puedes pedirlo a domicilio por nuestra p&aacute;gina web o programar tu pedido,\r\ntodo a un solo clic.</span><br></p>\n','¡Estás a un solo clic!','2020-10-29 14:17:03','2021-02-05 23:31:59',3),(20,'¡ABRIMOS DE NUEVO! TENEMOS RESTAURANTES DISPONIBLES PARA QUE NOS VISITES','¡ABRIMOS DE NUEVO! TENEMOS RESTAURANTES DISPONIBLES PARA QUE NOS VISITES','--abrimos-de-nuevo--tenemos-restaurantes-disponibles-para-que-nos-visites','Utiliza también el servicio de Pide en Línea, para que puedas ordenar desde la página tu comida preferida y llegar a uno de nuestros puntos a recoger tu pedido sin filas. En Bogotá puedes llamar al (031) 6543354, Cartagena: (035) 6517261, Barranquilla: (0','/img/lo-nuevo/20210205113038.jpeg',NULL,'/img/lo-nuevo/601dd51e36f6b.png','<?xml encoding=\"utf-8\" ?><?xml encoding=\"utf-8\" ?><p class=\"MsoNormal\"><span style=\"font-size: 24px;\">&#65279;</span><span lang=\"ES-MX\" style=\"font-size:12.0pt;line-height:107%;\r\nmso-ascii-font-family:Calibri;mso-hansi-font-family:Calibri;mso-bidi-font-family:\r\nCalibri;mso-ansi-language:ES-MX\"><span style=\"font-size: 24px;\">Nuestros restaurantes ya est&aacute;n abiertos para\r\nque vengas a visitarnos y disfrutes de un agradable momento con nosotros\r\nmientras disfrutas lo que m&aacute;s te gusta. Cumplimos con todos los protocolos de\r\nbioseguridad porque nuestra prioridad es cuidarte. &iexcl;Te esperamos!</span><p></p></span></p>\n','¡Clic Aquí!','2020-10-29 14:18:55','2021-02-05 23:30:54',4),(21,'Combo de combos','Combos de hamburguesas para compartir | El Corral','combo-de-combos','Comparte con tus amigos o en familia nuestros combos de hamburguesas, papas fritas y malteadas para dos, para tres o cuatro personas con El Corral ¡Entra ya!','/img/lo-nuevo/20210315035322.jpeg',NULL,'/img/lo-nuevo/601dd6de53a51.png','<?xml encoding=\"utf-8\" ?><!--?xml encoding=\"utf-8\" ?--><!--?xml encoding=\"utf-8\" ?--><!--?xml encoding=\"utf-8\" ?--><!--?xml encoding=\"utf-8\" ?--><!--?xml encoding=\"utf-8\" ?--><!--?xml encoding=\"utf-8\" ?--><!--?xml encoding=\"utf-8\" ?--><p class=\"MsoNormal\"><span lang=\"ES-MX\" style=\"font-size: 24px; line-height: 107%;\">Tenemos combos con variedad de hamburguesas y\r\nde cantidad para compartir con tus amigos o tu familia, que todos queden\r\nsatisfechos y no se queden con las ganas de comer algo delicioso juntos.</span></p><p class=\"MsoNormal\"><a href=\"https://pideenlinea.elcorral.com/?source=pagElCorral#no-back-button\" target=\"_blank\"><img data-filename=\"Banner-Interno-Combo-X-2.jpg\" style=\"width: 1086px;\" alt=\"\" width=\"\" height=\"\" title=\"\" class=\"\" role=\"\" src=\"https://www.elcorral.com/img/lo-nuevo/6040fbecab157.jpeg\"></a><span lang=\"ES-MX\" style=\"font-size:12.0pt;line-height:107%;\r\nmso-ascii-font-family:Calibri;mso-hansi-font-family:Calibri;mso-bidi-font-family:\r\nCalibri;mso-ansi-language:ES-MX\"><br></span></p><p class=\"MsoNormal\"><span lang=\"ES-MX\" style=\"font-size:12.0pt;line-height:107%;\r\nmso-ascii-font-family:Calibri;mso-hansi-font-family:Calibri;mso-bidi-font-family:\r\nCalibri;mso-ansi-language:ES-MX\"><span style=\"font-size: 24px;\">&nbsp;</span></span><span style=\"font-size: 24px;\">Nuestro combo de combos para dos trae dos\r\ndeliciosas hamburguesas Corral, acompa&ntilde;adas de dos porciones de papitas\r\nagrandadas y malteadas de 12 oz &iexcl;Puedes elegir entre los sabores vainilla,\r\nfrutos del bosque o chocolate!</span></p><p></p><p class=\"MsoNormal\"><a href=\"https://pideenlinea.elcorral.com/?source=pagElCorral#no-back-button\" target=\"_blank\"><img data-filename=\"Banner-Interno-Combo-X-3.jpg\" style=\"width: 1086px;\" alt=\"\" width=\"\" height=\"\" title=\"\" class=\"\" role=\"\" src=\"https://www.elcorral.com/img/lo-nuevo/6040fbecbe069.jpeg\"></a><span style=\"font-size: 12pt;\"><br></span></p><p class=\"MsoNormal\"><span lang=\"ES-MX\" style=\"font-size: 24px; line-height: 107%;\">Nuestro combo de combos para tres tiene una\r\nvariedad de sabores para complacerlos a todos. Disfruta de una hamburguesa el\r\nCorral, una Callejera y una Corralita acompa&ntilde;adas de nuestras deliciosas\r\npapitas agrandadas y gaseosa.</span></p><p class=\"MsoNormal\"><a href=\"https://pideenlinea.elcorral.com/?source=pagElCorral#no-back-button\" target=\"_blank\"><img data-filename=\"Banner-Interno-Combo-X-4.jpg\" style=\"width: 1086px;\" alt=\"\" width=\"\" height=\"\" title=\"\" class=\"\" role=\"\" src=\"https://www.elcorral.com/img/lo-nuevo/6040fbeccde7e.jpeg\"></a><span lang=\"ES-MX\" style=\"font-size:12.0pt;line-height:107%;\r\nmso-ascii-font-family:Calibri;mso-hansi-font-family:Calibri;mso-bidi-font-family:\r\nCalibri;mso-ansi-language:ES-MX\"><br></span></p><p class=\"MsoNormal\"><span lang=\"ES-MX\" style=\"font-size: 24px; line-height: 107%;\">Nuestro combo de combos para cuatro est&aacute; hecho\r\ncon variedad para todos los gustos. </span><span style=\"font-size: 24px; line-height: 107%;\">Disfruta de una hamburguesa Callejera, una Corral\r\nQueso y dos Corralitas con nuestras crujientes papitas agrandadas.</span></p><p class=\"MsoNormal\"><a href=\"https://pideenlinea.elcorral.com/?source=pagElCorral#no-back-button\" target=\"_blank\"><img data-filename=\"Banner-Interno-Combo-para-Parchar.jpg\" style=\"width: 1086px;\" src=\"https://www.elcorral.com/img/lo-nuevo/604f82f1c204f.jpeg\" alt=\"\" width=\"\" height=\"\" title=\"\" class=\"\" role=\"\"></a><span style=\"font-size: 24px; line-height: 107%;\"><br></span></p><p class=\"MsoNormal\"><span style=\"line-height: 107%;\"><span style=\"font-size: 24px;\">Nuestro combo de combos para parchar esta conformado por malteadas de 12 o 16 Oz que pueden ser de frutos del bosque, chocolate o vainilla y dos (2) papas a la francesa agrandadas.</span><br></span></p><p class=\"MsoNormal\"><a href=\"https://pideenlinea.elcorral.com/?source=pagElCorral#no-back-button\" target=\"_blank\"></a></p><p></p><p class=\"MsoNormal\"><span lang=\"ES-MX\" style=\"font-size:12.0pt;line-height:107%;mso-ascii-font-family:Calibri;\r\nmso-hansi-font-family:Calibri;mso-bidi-font-family:Calibri;mso-ansi-language:\r\nES-MX\"></span></p><p></p><p></p><p class=\"MsoNormal\"><span lang=\"ES-MX\" style=\"font-size:12.0pt;line-height:107%;\r\nmso-ascii-font-family:Calibri;mso-hansi-font-family:Calibri;mso-bidi-font-family:\r\nCalibri;mso-ansi-language:ES-MX\"></span></p><p></p><p></p>\n',NULL,'2020-10-29 14:23:58','2021-03-16 18:13:25',8),(24,'Ensaladas','Ensaladas deliciosas y frescas l El Corral: La Receta Original','ensaladas','Ensaladas deliciosas y frescas l El Corral: La Receta Original','/img/lo-nuevo/20210215051051.png',NULL,'/img/lo-nuevo/602aab1b256e8.png','<?xml encoding=\"utf-8\" ?><!--?xml encoding=\"utf-8\" ?--><!--?xml encoding=\"utf-8\" ?--><!--?xml encoding=\"utf-8\" ?--><p></p><p class=\"MsoNormal\"><span style=\"font-size: 24px;\">Haz de tus comidas algo diferente con nuestras deliciosas ensaladas, preparadas con los ingredientes m&aacute;s frescos y sabrosos para disfrutar. Tienes tres opciones de donde escoger: Ensalada Cobb, Ensalada Corral y Ensalada Mexicana. &iquest;Ya tienes tu favorita?</span><br></p><p><a href=\"https://pideenlinea.elcorral.com/?source=pagElCorral#no-back-button\" target=\"_blank\"><img data-filename=\"banner-lo-nuevo-cob.png\" style=\"width: 1086px;\" alt=\"\" width=\"\" height=\"\" title=\"\" class=\"\" role=\"\" src=\"https://www.elcorral.com/img/lo-nuevo/6040fce9ae242.jpeg\"></a><br></p><p><span style=\"font-size: 24px;\">&#65279;Nuestra deliciosa Ensalada Cobb con 154 gramos de pechuga de pollo, riqu&iacute;sima tocineta, huevo, jam&oacute;n, queso Mozzarella, aguacate, tomate, ma&iacute;z y lechuga. <br>Aderezo: Bals&aacute;mico Corral o Ranch.</span><br></p><p><a href=\"https://pideenlinea.elcorral.com/?source=pagElCorral#no-back-button\" target=\"_blank\"><img data-filename=\"banner-lo-nuevo-corral.png\" style=\"width: 1086px;\" alt=\"\" width=\"\" height=\"\" title=\"\" class=\"\" role=\"\" src=\"https://www.elcorral.com/img/lo-nuevo/6040fce9c5760.jpeg\"></a></p><p class=\"MsoNormal\"><span style=\"font-size: 24px;\">Nuestra sabrosa Ensalada Corral con 154 gramos de pechuga de pollo, huevo, jam&oacute;n, queso mozzarella, queso parmesano, pepinillos, tomate, ma&iacute;z y lechuga. <br>Aderezo: Bals&aacute;mico Corral o Ranch.</span><br></p><p><a href=\"https://pideenlinea.elcorral.com/?source=pagElCorral#no-back-button\" target=\"_blank\"><img data-filename=\"banner-lo-nuevo-mexicana.png\" style=\"width: 1086px;\" alt=\"\" width=\"\" height=\"\" title=\"\" class=\"\" role=\"\" src=\"https://www.elcorral.com/img/lo-nuevo/6040fce9d8579.jpeg\"></a></p><p class=\"MsoNormal\"><span style=\"font-size: 24px;\">Nuestra riqu&iacute;sima Ensalada Mexicana con 77 gramos de Philadelphia Steak, frijol refrito, guacamole, ma&iacute;z, tomate, tortillas de ma&iacute;z y lechuga. <br>Aderezo: Suero Coste&ntilde;o.</span><br></p><p><!--?xml encoding=\"utf-8\" ?--></p><p><!--?xml encoding=\"utf-8\" ?--></p><p><!--?xml encoding=\"utf-8\" ?--></p><p><!--?xml encoding=\"utf-8\" ?--></p><p><!--?xml encoding=\"utf-8\" ?--></p><p><!--?xml encoding=\"utf-8\" ?-->\r\n</p>\n','¡Estás a un clic!','2021-02-15 17:10:51','2021-03-04 15:29:45',1);
/*!40000 ALTER TABLE `news` ENABLE KEYS */;
UNLOCK TABLES;

--
-- Table structure for table `password_reset`
--

DROP TABLE IF EXISTS `password_reset`;
/*!40101 SET @saved_cs_client     = @@character_set_client */;
/*!40101 SET character_set_client = utf8 */;
CREATE TABLE `password_reset` (
  `email` varchar(100) COLLATE utf8mb4_unicode_ci NOT NULL,
  `token` varchar(255) COLLATE utf8mb4_unicode_ci DEFAULT '1',
  `created_at` timestamp NULL DEFAULT NULL
) ENGINE=InnoDB DEFAULT CHARSET=utf8mb4 COLLATE=utf8mb4_unicode_ci;
/*!40101 SET character_set_client = @saved_cs_client */;

--
-- Dumping data for table `password_reset`
--

LOCK TABLES `password_reset` WRITE;
/*!40000 ALTER TABLE `password_reset` DISABLE KEYS */;
/*!40000 ALTER TABLE `password_reset` ENABLE KEYS */;
UNLOCK TABLES;

--
-- Table structure for table `products`
--

DROP TABLE IF EXISTS `products`;
/*!40101 SET @saved_cs_client     = @@character_set_client */;
/*!40101 SET character_set_client = utf8 */;
CREATE TABLE `products` (
  `id` int(10) unsigned NOT NULL AUTO_INCREMENT,
  `order` int(11) NOT NULL DEFAULT '1',
  `name` varchar(255) COLLATE utf8mb4_unicode_ci NOT NULL,
  `subcategory` varchar(255) COLLATE utf8mb4_unicode_ci DEFAULT NULL,
  `description` text COLLATE utf8mb4_unicode_ci,
  `img_uri` varchar(255) COLLATE utf8mb4_unicode_ci NOT NULL,
  `online_sale` tinyint(4) NOT NULL DEFAULT '1',
  `pcategory_id` int(10) unsigned DEFAULT NULL,
  `created_at` timestamp NULL DEFAULT NULL,
  `updated_at` timestamp NULL DEFAULT NULL,
  PRIMARY KEY (`id`),
  KEY `products_pcategory_id_foreign` (`pcategory_id`),
  CONSTRAINT `products_pcategory_id_foreign` FOREIGN KEY (`pcategory_id`) REFERENCES `products_categories` (`id`) ON DELETE SET NULL ON UPDATE CASCADE
) ENGINE=InnoDB AUTO_INCREMENT=101 DEFAULT CHARSET=utf8mb4 COLLATE=utf8mb4_unicode_ci;
/*!40101 SET character_set_client = @saved_cs_client */;

--
-- Dumping data for table `products`
--

LOCK TABLES `products` WRITE;
/*!40000 ALTER TABLE `products` DISABLE KEYS */;
INSERT INTO `products` VALUES (1,1,'Corral','Clásicas','Jugosa carne 100% de res de 125 gramos, con verduras y salsas. \r\nPídela sola por COP 14.000\r\nEn combo por COP 19.900.','/img/our-cart/el-corral-hamburguesas-corral..jpeg',1,1,NULL,NULL),(2,2,'Corral Queso','Clásicas','Jugosa carne 100% de res de 125 gramos, con queso mozzarella delicioso, verduras y salsas.\r\nPídela sola por COP 16.000\r\nEn combo por COP 21.900','/img/our-cart/el-corral-hamburguesas-corral-queso..jpeg',1,1,NULL,NULL),(3,5,'Corralita','Clásicas','Hamburguesa 100% carne de res de 90 gramos con lechuga, tomate y salsas. \r\nPídela sola por COP 13.000 \r\nEn combo por COP 18.900','/img/our-cart/el-corral-hamburguesas-corralita..jpeg',1,1,NULL,NULL),(5,19,'Callejera','Corralazos','Jugosa carne 100% de res de 125 gramos, queso mozzarella, papas callejeras, salsas y pan ajonjolí.\r\nPídela sola por COP 16.000\r\nEn combo por COP 21.900','/img/our-cart/el-corral-hamburguesas-callejera..jpeg',1,1,NULL,NULL),(6,20,'Doble Doble','Corralazos','Dos jugosas carnes 100% de res de 90 gramos cada una, dos tajadas de queso mozzarella, cebolla caramelizada, lechuga fresca, tomate fresco, mayonesa y pan ajonjolí.\r\nPídela sola por COP 18.000\r\nEn combo por COP 23.900','/img/our-cart/el-corral-hamburguesas-doble-doble..jpeg',1,1,NULL,NULL),(8,16,'Corral Hawaiana','Creaciones','Jugosa carne 100% de res de 125 gramos, queso mozzarella, dulce piña, lechuga fresca y salsas. \r\nPídela sola por COP 19.000\r\nEn combo por COP 24.900','/img/our-cart/el-corral-hamburguesas-corral-hawaiana..jpeg',1,1,NULL,NULL),(10,17,'Corral Criolla','Creaciones','Jugosa carne 100% de res de 125 gramos, queso mozzarella, huevo frito, cebolla grillé, tomate, fresca lechuga y salsas.\r\nPídela sola por COP 21.000 \r\nEn combo por COP 26.900','/img/our-cart/el-corral-hamburguesas-corral-criolla..jpeg',1,1,NULL,NULL),(11,18,'Corral Mexicana','Creaciones','Jugosa carne 100% de res de 125 gramos, con queso americano, increíble guacamole, fríjol refrito, verduras y mayonesa. \r\nPídela sola por COP 21.000 \r\nEn combo por COP 26.900','/img/our-cart/el-corral-hamburguesas-corral-mexicana..jpeg',1,1,NULL,NULL),(12,6,'Todoterreno','A la parrilla','Doble carne 100% de res de 1/2 libra a la parrilla, con tocineta, queso mozzarella, verduras, pepinillos y salsa BBQ. \r\nPídela sola por COP 24.000 \r\nEn combo por COP 29.900','/img/our-cart/el-corral-hamburguesas-todoterreno..jpeg',1,1,NULL,NULL),(13,7,'Corralísima 1/2 Libra','A la Parrilla','Jugosa carne 100% de res de 1/2 libra asada a la parrilla, queso mozzarella, con deliciosa salsa BBQ y verduras. \r\nPídela sola por COP 24.000 \r\nEn combo por COP 29.900','/img/our-cart/el-corral-hamburguesas-corralísima-1/2-libra..jpeg',1,1,NULL,NULL),(14,8,'Corralísima 3/4 Libra','A la parrilla','Jugosa carne 100% de res de 3/4 de libra asada a la parrilla, con queso mozzarella, salsa BBQ y verduras. \r\nPídela sola por COP 28.000 \r\nEn combo por COP 33.900','/img/our-cart/el-corral-hamburguesas-corralísima-3/4-libra..jpeg',1,1,NULL,NULL),(15,9,'Corral Especial','A la parrilla','Jugosa carne 100% de res de 1/3 de libra a la parrilla, con tocineta en trozos, queso mozzarella, verduras y salsas. \r\nPídela sola por COP 23.000 \r\nEn combo por COP 28.900','/img/our-cart/el-corral-hamburguesas-corral-especial..jpeg',1,1,NULL,NULL),(16,10,'Corralera','A la parrilla','1/3 de libra, 100% carne de res a la parrilla con salsa BBQ, tocineta, queso americano, cebolla en pétalos y salsas. \r\nPídela sola por COP 23.000 \r\nEn combo COP 28.900','/img/our-cart/el-corral-hamburguesas-corralera..jpeg',1,1,NULL,NULL),(17,11,'Corral Casera','A la parrilla','Jugosa carne 100% de res de 1/3 de libra, queso americano, cebolla roja, tomate, lechuga y salsa BBQ.\r\nPídela sola por COP 22.000\r\nEn combo por COP 27.900','/img/our-cart/el-corral-hamburguesas-corral-casera..jpeg',1,1,NULL,NULL),(20,4,'Corral Pollo','Clásicas','Jugosa pechuga de pollo a la plancha de 154 gramos, con salsa BBQ, verduras y mayonesa. \r\nPídela sola por COP 15.000 \r\nEn combo  por COP 20.900','/img/our-cart/el-corral-hamburguesas-corral-pollo..jpeg',1,1,NULL,NULL),(21,12,'Corralísima Pollo Parrillero','A la parrilla','Jugosa pechuga de pollo a la parrilla de 154 gramos con salsa BBQ, pepinillos, tocineta, queso mozzarella y verduras. \r\nPídela sola por COP 22.000 \r\nEn combo por COP 27.900','/img/our-cart/el-corral-hamburguesas-corralisima-pollo-parrillero..jpeg',1,1,NULL,NULL),(22,6,'Lomos de pollo','','Deliciosos lomos de pollo apanados, acompañados de miel mostaza. Cada lomo pesa 52,4 gramos. \r\nPide 4 unidades por COP 19.000 y en combo COP 24.900\r\nPide 6 unidades por COP 23.000 y en combo COP 28.900','/img/our-cart/el-corral-wraps-y-otros-lomos-de-pollo..jpeg',1,15,NULL,NULL),(24,1,'Wrap Pollo','','Deliciosa pechuga de pollo de 154 gramos asada a la parrilla, lechuga, tomate, cebolla y mayonesa.\r\nPídelo solo por COP 15.000\r\nEn combo por COP 20.900','/img/our-cart/el-corral-wraps-y-otros-wrap-pollo..jpeg',1,15,NULL,NULL),(26,1,'Wrap Lechuga Todoterreno','','Reemplaza el pan de cualquiera de nuestras hamburguesas por wrap lechuga.','/img/our-cart/el-corral-wraps-y-otros-wrap-lechuga-todoterreno.jpg',1,NULL,NULL,NULL),(27,1,'Wrap Lechuga Pollo Parrillero','','Pechuga de pollo a la plancha de 150 gramos, tocineta , queso mozzarella, pepinillos, lechuga, tomate, cebolla y salsa BBQ, entregado en hojas de lechuga fresca.','/img/our-cart/el-corral-wraps-y-otros-wrap-lechuga-pollo-parrillero.jpg',1,NULL,NULL,NULL),(28,1,'Taco Salad','','Crujiente canastilla de hojaldre, con trozos de jamón, queso mozzarella, huevo duro, arvejas, pepinillos, cebolla, lechuga y tomate.','/img/our-cart/el-corral-ensaladas-taco-salad.jpg',1,NULL,NULL,NULL),(29,1,'Ensalada Mediterránea','','Con tiernos lomitos de pollo, queso parmesano, aguacate fresco, lechuga y tomate.','/img/our-cart/el-corral-ensaladas-ensalada-mediterránea.jpg',1,NULL,NULL,NULL),(30,1,'Ensalada Corral','','154 gr de Pechuga de Pollo, huevo, jamón, una combinación de queso mozzarella y queso parmesano, pepinillos, tomate, maíz y lechuga. Con aderezo: Balsámico Corral o ranch.\r\nPídela sola por COP 22.900\r\nPídela con agua por COP 24.900\r\nO en combo por COP 28.800','/img/our-cart/el-corral-ensaladas-ensalada-corral..jpeg',1,16,NULL,NULL),(31,1,'Ensalada COBB','','Pechuga de Pollo de 154 gr, deliciosa tocineta, huevo, jamón, queso mozzarella, aguacate, tomate, maíz y lechuga. Con aderezo: Balsámico Corral o ranch.\r\nPídela sola por COP 24.900\r\nPídela con agua por COP 26.900\r\nO en combo por COP 30.800','/img/our-cart/el-corral-ensaladas-ensalada-cobb..jpeg',1,16,NULL,NULL),(32,1,'Vaquero Sencillo','','Deliciosa salchicha a la parrilla en pan perro, con cebolla picada, papas chips trituradas y salsas. \r\nPídelo solo por COP 13.900\r\nCon bebida por COP 15.900\r\nEn combo 19.800','/img/our-cart/el-corral-vaqueros-vaquero-sencillo..jpeg',1,5,NULL,NULL),(33,1,'Vaquero Especial','','Deliciosa salchicha a la parrilla en pan perro, con queso mozzarella, tocineta, cebolla picada, papas chips trituradas  y salsas. \r\nPídelo solo por COP 21.900\r\nCon bebida por COP 23.900\r\nEn combo 27.800','/img/our-cart/el-corral-vaqueros-vaquero-especial..jpeg',1,5,NULL,NULL),(34,1,'Vaquero Queso','','Deliciosa salchicha a la parrilla en pan perro, con queso mozzarella, cebolla picada, papas chips trituradas y salsas.\r\nPídelo solo por COP 15.900\r\nCon bebida por COP 17.900\r\nEn combo 21.800','/img/our-cart/el-corral-vaqueros-vaquero-queso..jpeg',1,5,NULL,NULL),(35,1,'Vaquero Mexicano','','Deliciosa salchicha a la parrilla en pan perro, frijol refrito, guacamole y tortillas de maíz.\r\nPídelo solo por COP 19.900\r\nCon bebida por COP 21.900\r\nEn combo 25.800','/img/our-cart/el-corral-vaqueros-vaquero-mexicano..jpeg',1,5,NULL,NULL),(36,1,'Vaquero Hawaiano','','Deliciosa salchicha a la parrilla en pan perro, queso mozzarella, deliciosa piña, papas chips trituradas y salsas.\r\nPídelo solo por COP 17.900 \r\nCon bebida por COP 19.900\r\nEn combo 23.800','/img/our-cart/el-corral-vaqueros-vaquero-hawaiano..jpeg',1,5,NULL,NULL),(37,1,'Corralito Hamburguesa','','Hamburguesa 100% carne de res de 90 gramos con lechuga, tomate y salsas, acompañado de papas a la francesa y un vaso de helado de 4oz. \r\nPídelo por COP 18.500.','/img/our-cart/el-corral-corralito-infantil-corralito-hamburguesa..jpeg',1,6,NULL,NULL),(38,1,'Corralito Vaquero','','Vaquero, papas a la francesa, jugo o gaseosa pequeña acompañado de un cono sencillo.','/img/our-cart/el-corral-corralito-infantil-corralito-vaquero.jpeg',1,NULL,NULL,NULL),(39,1,'Corralito lomos','','Lomitos de pollo, papas a la francesa, jugo o gaseosa pequeña acompañado de un vaso de helado de 4oz. Cada lomo pesa 52,4 gramos. \r\nPídelo por COP 18.500.','/img/our-cart/el-corral-corralito-infantil-corralito-lomos..jpeg',1,6,NULL,NULL),(40,1,'Vaquero salsa pepinillos','','Pan artesanal acompañado de salchicha de 50 gr., queso mozzarella y salsa de pepinillos.','/img/our-cart/el-corral-pa\'-tardear-vaquero-salsa-pepinillos.jpg',1,NULL,NULL,NULL),(41,1,'Wrap Philadelphia','','2 tortillas integrales medianas, 65 gr. de lomo, cebolla grillé y queso americano.','/img/our-cart/el-corral-pa\'-tardear-wrap-philadelphia.jpg',1,NULL,NULL,NULL),(42,1,'Malteada con papas','','Deliciosa malteada de 12 oz del sabor que elijas acompañada de unas papas a la francesa medianas.','/img/our-cart/el-corral-pa\'-tardear-malteada-con-papas.jpg',1,NULL,NULL,NULL),(43,1,'Papas con queso cheddar y tocineta','','Papas medianas, queso fundido y tocineta.','/img/our-cart/el-corral-pa\'-tardear-papas-con-queso-cheddar-y-tocineta.jpg',1,NULL,NULL,NULL),(44,1,'Vaquero Tocineta','','Pan artesanal acompañado de salchicha de 50 gr., queso mozzarella papas perro y tocineta','/img/our-cart/el-corral-pa\'-tardear-vaquero-tocineta.jpg',1,NULL,NULL,NULL),(45,1,'Anillos de cebolla','','Crujientes anillos de cebolla apanados.\r\nPídelo por COP 7.500.','/img/our-cart/el-corral-acompañamientos-anillos-de-cebolla..jpeg',1,8,NULL,NULL),(46,1,'Papas a la francesa','','Las papas más crocantes y deliciosas para que armes tu menú como más te guste.\r\nPídela mediana por COP 5.500\r\nGrande por COP 6.900','/img/our-cart/el-corral-acompañamientos-papas-a-la-francesa..jpeg',1,8,NULL,NULL),(47,1,'Papas en cascos','','Deliciosas y crocantes papas con cáscara para que armes tu menú como más te guste.\r\nPídela mediana por COP 5.500\r\nGrande por COP 6.900','/img/our-cart/el-corral-acompañamientos-papas-en-cascos..jpeg',1,8,NULL,NULL),(48,1,'Papas en espiral','','Crocantes papas en espiral para que armes tu menú como más te guste.\r\nPídela por COP 6.900.','/img/our-cart/el-corral-acompañamientos-papas-en-espiral..jpeg',1,8,NULL,NULL),(49,1,'Yucas con suero','','Crocantes yucas acompañadas de un delicioso suero costeño.\r\nPídela sin suero por COP 6.900\r\nCon suero por COP 7.500','/img/our-cart/el-corral-acompañamientos-yucas-con-suero..jpeg',1,8,NULL,NULL),(50,1,'Suero costeño','','Pídelo por COP 3.000.','/img/our-cart/el-corral-adiciones-suero-costeño..jpeg',1,9,NULL,NULL),(51,2,'Tocineta','','Pídela por COP 6.000.','/img/our-cart/el-corral-adiciones-tocineta..jpeg',1,9,NULL,NULL),(52,3,'Cebolla Grillé','','Pídela por COP 2.500.','/img/our-cart/el-corral-adiciones-cebolla-grillé..jpeg',1,9,NULL,NULL),(53,4,'Queso Fundido','','Pídelo por COP 4.500.','/img/our-cart/el-corral-adiciones-queso-fundido..jpeg',1,9,NULL,NULL),(54,5,'Pepinillos','','Pídelos por COP 2.500.','/img/our-cart/el-corral-adiciones-pepinillos..jpeg',1,9,NULL,NULL),(55,7,'Otras Adiciones','','Fríjol refrito por COP 4.500, \r\nGuacamole por COP 4.900, \r\nPiña por COP 2.500, \r\nQueso costeño por COP 2.500, \r\nQueso americano por COP 2.500, \r\nHuevo por COP 2.500, \r\nTocineta express por COP 3.500','/img/our-cart/el-corral-adiciones-otras-adiciones..jpeg',1,9,NULL,NULL),(56,1,'Maracuyá','','Preparadas con helado gourmet Von Glace y salsa de maracuyá con semillas de amapola.\r\nPídela de 12oz por COP 8.900\r\nPídela de 16oz  por COP 10.900','/img/our-cart/el-corral-malteadas,-postres-y-helados-maracuyá..jpeg',1,10,NULL,NULL),(57,1,'Frutos del bosque','','Preparadas con helado gourmet Von Glacet y salsa de mora. Puedes disfrutarla en su version Ligth.\r\nPídela de 12oz por COP 8.900 \r\nPídela de 16oz  por COP 10.900','/img/our-cart/el-corral-malteadas,-postres-y-helados-frutos-del-bosque..jpeg',1,10,NULL,NULL),(58,1,'Macadamia','','Preparadas con helado gourmet Von Glacet y nueces de macadamia.\r\nPídela de 12oz por COP 8.900 \r\nPídela de 16oz  por COP 10.900','/img/our-cart/el-corral-malteadas,-postres-y-helados-macadamia..jpeg',1,10,NULL,NULL),(59,1,'Vainilla','','Preparadas con helado gourmet Von Glacet y ralladura de chocolate.\r\nPídela de 12oz por COP 8.900 \r\nPídela de 16oz  por COP 10.900','/img/our-cart/el-corral-malteadas,-postres-y-helados-vainilla..jpeg',1,10,NULL,NULL),(60,1,'Chocolate','','Preparadas con helado gourmet Von Glacet y ralladura de chocolate. Puedes disfrutarla en su version Ligth.\r\nPídela de 12oz por COP 8.900 \r\nPídela de 16oz  por COP 10.900','/img/our-cart/el-corral-malteadas,-postres-y-helados-chocolate..jpeg',1,10,NULL,NULL),(61,1,'Café Mocca','','Malteada de café mocca con salsa de chocolate y topping de galleta oreo triturada. Puedes disfrutarla en su version Café.\r\nPídela de 12oz por COP 8.900 \r\nPídela de 16oz  por COP 10.900','/img/our-cart/el-corral-malteadas,-postres-y-helados-café-mocca..jpeg',1,10,NULL,NULL),(71,1,'Brownie con helado','','Con cobertura de chocolate o arequipe, acompañado de una bola de helado y hojuelas de chocolate.\r\nPídelo por COP 8.900','/img/our-cart/el-corral-malteadas,-postres-y-helados-brownie-con-helado..jpeg',1,10,NULL,NULL),(72,1,'Desayuno Tradicional','','Huevos revueltos al estilo Corral servidos en pan, arepa o wrap. Acompáñalos con un exquisito café o jugo de naranja recién preparado.\r\nPídelo sólo por COP 4.900\r\nCon café latte por COP 9.500\r\nCon jugo de naranja por COP 10.400','/img/our-cart/el-corral-desayunos-desayuno-tradicional.jpg',0,14,NULL,NULL),(73,1,'Desayuno granjero','','Deliciosos huevos revueltos al estilo Corral con jamón y queso servidos en pan, arepa o wrap. Acompáñalos con un exquisito café o jugo de naranja recién preparado.\r\nPídelo sólo por COP 5.900\r\nCon café latte por COP 10.500\r\nCon jugo de naranja por COP 11.400','/img/our-cart/el-corral-desayunos-desayuno-granjero.jpg',0,14,NULL,NULL),(74,1,'Desayuno súper','','Deliciosos huevos revueltos al estilo Corral con jamón, queso, lechuga y tomate, servidos en pan, arepa o wrap. Acompáñalos con un exquisito café o jugo de naranja recién preparado.\r\nPídelo sólo por COP 12.900\r\nCon café latte por COP 17.500\r\nCon jugo de naranja por COP 18.400','/img/our-cart/el-corral-desayunos-desayuno-súper.jpg',0,14,NULL,NULL),(75,1,'Huevos corral','','Deliciosos huevos revueltos preparados con carne al estilo Corral servidos en pan, arepa o wrap. Acompáñalos con un exquisito café o jugo de naranja recién preparado.\r\nPídelo sólo por COP 5.900\r\nCon café latte por COP 10.500\r\nCon jugo de naranja por COP 11.400','/img/our-cart/el-corral-desayunos-huevos-corral.jpg',0,14,NULL,NULL),(76,1,'Huevos criollos','','Deliciosos huevos revueltos preparados con cebolla y tomate al estilo Corral servidos en pan, arepa o wrap. Acompáñalos con un exquisito café o jugo de naranja recién preparado.\r\nPídelo sólo por COP 5.400\r\nCon café latte por COP 10.000\r\nCon jugo de naranja por COP 10.900','/img/our-cart/el-corral-desayunos-huevos-criollos.jpg',0,14,NULL,NULL),(77,1,'Huevos rancheros','','Deliciosos huevos revueltos preparados con tocineta y maíz al estilo Corral servidos en pan, arepa o wrap. Acompáñalos con un exquisito café o jugo de naranja recién preparado.\r\nPídelo sólo por COP 5.900\r\nCon café latte por COP 10.500\r\nCon jugo de naranja por COP 11.400','/img/our-cart/el-corral-desayunos-huevos-rancheros.jpg',0,14,NULL,NULL),(78,1,'Huevos vaqueros','','Deliciosos huevos revueltos preparados con salchicha al estilo Corral servidos en pan, arepa o wrap. Acompáñalos con un exquisito café o jugo de naranja recién preparado.\r\nPídelo sólo por COP 5.900\r\nCon café latte por COP 10.500\r\nCon jugo de naranja por COP 11.400','/img/our-cart/el-corral-desayunos-huevos-vaqueros.jpg',0,14,NULL,NULL),(79,2,'Lomo Parrilla','','Jugoso lomo de res de 900 gr, acompañado por papa, mazorca y salsas. (Disponible en algunos restaurantes de la cadena).\r\nPídelo por COP 115.000','/img/our-cart/el-corral-para-compartir-lomo-parrilla.jpg',1,15,NULL,NULL),(81,3,'Corral queso tocineta','Clásicas','100% carne de res, con queso mozzarella, tocineta, verduras y salsas. \r\nPídela sola por COP 19.000\r\nEn combo por COP 24.900','/img/our-cart/el-corral-hamburguesas-corral-queso-tocineta..jpeg',1,1,NULL,NULL),(82,6,'Papa Callejera',NULL,'Deliciosa papa callejera.\r\nPídela por COP 2.000.','/img/our-cart/el-corral-adiciones-papa-callejera..jpeg',1,9,NULL,NULL),(83,19,'Queso Fundido','Corralazos','Deliciosa carne de 125 gramos, lechuga, 3 onzas de queso fundido, 70 gramos de papa francesa y y pan ajonjolí.\r\nPídela sola por COP 13.000\r\nEn combo por COP 18.900','/img/our-cart/el-corral-hamburguesas-queso-fundido..jpeg',1,NULL,NULL,NULL),(84,14,'Pollo Mexicano','Creaciones','Pechuga de pollo de 154 gramos, frijol refrito, delicioso guacamole, tortillas de maíz, lechuga, tomate, mayonesa y pan tipo brioche.\r\nPídela sola por COP 19.000\r\nEn combo por COP 24.900','/img/our-cart/el-corral-hamburguesas-pollo-mexicano..jpeg',1,1,NULL,NULL),(87,1,'Helados',NULL,'Disfruta de nuestros vasos de helado de 4oz en sus diferentes sabores: vainilla, macadamia y frutos del bosque.\r\nPídelos por COP 3.900','/img/our-cart/el-corral-malteadas,-postres-y-helados-helados..jpeg',1,10,NULL,NULL),(90,16,'Picada Corral','Creaciones','125 gramos de lomo de res, 160 gramos de pollo y crujientes cascos de papa acompañado de un delicioso aderezo.\r\nPídela sola por COP 21.200\r\nEn combo por COP 23.200','/img/our-cart/el-corral-wraps-y-otros-picada-corral..jpeg',1,NULL,NULL,NULL),(91,23,'COMBO DE COMBOS PARA TRES',NULL,'Disfruta de una hamburguesa Corral, una Callejera y una Corralita con nuestras irresistibles papitas agrandadas.\r\nPídelo por COP 60.700','/img/our-cart/el-corral-hamburguesas-combo-de-combos-para-tres..jpeg',0,1,NULL,NULL),(92,24,'COMBO DE COMBOS PARA CUATRO',NULL,'Disfruta de una hamburguesa Callejera, una Corral Queso y dos Corralitas con nuestras crujientes papitas agrandadas. \r\n Pídela por COP 81.600','/img/our-cart/el-corral-hamburguesas-combo-de-combos-para-cuatro..jpeg',0,1,NULL,NULL),(93,22,'COMBO DE COMBOS PARA DOS',NULL,'Dos deliciosas hamburguesas Corral, acompañadas de dos porciones de papitas agrandadas y malteadas de 12 oz. ¡Puedes elegir entre los sabores vainilla, frutos del bosque o chocolate!\r\nPídelo por COP 49.800','/img/our-cart/el-corral-hamburguesas-combo-de-combos-para-dos..jpeg',1,1,NULL,NULL),(94,15,'Corral Costeña','Creaciones','Carne de 125 gramos acompañada de deliciosos chips de plátano, suero, queso costeño y mayonesa.\r\nPídela sola por COP 19.000\r\nEn combo por COP 24.900','/img/our-cart/el-corral-hamburguesas-corral-costeña..jpeg',1,1,NULL,NULL),(95,1,'Conos de helado',NULL,'Pídelos con dos bolas por COP 4.900\r\no con una bola por COP 3.900','/img/our-cart/el-corral-malteadas,-postres-y-helados-conos-de-helado..jpeg',1,10,NULL,NULL),(96,1,'Wrap de Lomo',NULL,'Jugoso lomo cortado en finas láminas doradas a la plancha, lechuga, tomate y cebolla picados, mayonesa y deliciosa salsa Ranch.\r\nPídelo solo por COP 21.000\r\no en combo por COP 26.900','/img/our-cart/el-corral-wraps-y-otros-wrap-de-lomo..jpeg',1,15,NULL,NULL),(97,13,'Philadelphia Steak','Creaciones','Finas tajadas de delicioso lomo ancho de res asadas a la plancha, con cebolla grillé, queso americano y mayonesa.\r\nPídela sola por COP 21.000\r\no en combo por COP 26.900','/img/our-cart/el-corral-hamburguesas-philadelphia-steak..jpeg',1,1,NULL,NULL),(98,21,'Pollo BBQ Callejera','Corralazos','Delicioso pollo de 154 gramos, queso mozzarella, papas callejeras, salsa BBQ, salsa blanca y pan ajonjolí.\r\nPídela sola por: COP 14.000\r\nEn combo: COP 19.900','/img/our-cart/el-corral-hamburguesas-pollo-bbq..jpeg',1,1,NULL,NULL),(99,1,'Ensalada Mexicana',NULL,'77 gramos de Philadelphia Steak, fríjol refrito, guacamole, maíz, tomate, tortillas de maíz y lechuga. Con aderezo: Suero Costeño.\r\nPídela sola por COP 20.900\r\nPídela con agua por COP 22.900\r\nO en combo por COP 26.800','/img/our-cart/el-corral-ensaladas-ensalada-mexicana..jpeg',1,16,NULL,NULL),(100,1,'Combo Para Tardear',NULL,'Nuestro Combo de Combos para Parchar viene con dos malteadas de 12 o 16 oz a tu gusto, en los sabores de Vainilla, chocolate o frutos del bosque acompañadas de papitas agrandadas.','/img/our-cart/el-corral-malteadas,-postres-y-helados-combo-para-tardear..jpeg',1,10,NULL,NULL);
/*!40000 ALTER TABLE `products` ENABLE KEYS */;
UNLOCK TABLES;

--
-- Table structure for table `products_categories`
--

DROP TABLE IF EXISTS `products_categories`;
/*!40101 SET @saved_cs_client     = @@character_set_client */;
/*!40101 SET character_set_client = utf8 */;
CREATE TABLE `products_categories` (
  `id` int(10) unsigned NOT NULL AUTO_INCREMENT,
  `order` int(11) NOT NULL DEFAULT '1',
  `name` varchar(255) COLLATE utf8mb4_unicode_ci NOT NULL,
  `img_uri` varchar(255) COLLATE utf8mb4_unicode_ci NOT NULL,
  `slug` varchar(150) COLLATE utf8mb4_unicode_ci NOT NULL,
  `created_at` timestamp NULL DEFAULT NULL,
  `updated_at` timestamp NULL DEFAULT NULL,
  `description` text COLLATE utf8mb4_unicode_ci,
  `meta_title` varchar(255) COLLATE utf8mb4_unicode_ci DEFAULT NULL,
  PRIMARY KEY (`id`),
  UNIQUE KEY `products_categories_slug_unique` (`slug`)
) ENGINE=InnoDB AUTO_INCREMENT=17 DEFAULT CHARSET=utf8mb4 COLLATE=utf8mb4_unicode_ci;
/*!40101 SET character_set_client = @saved_cs_client */;

--
-- Dumping data for table `products_categories`
--

LOCK TABLES `products_categories` WRITE;
/*!40000 ALTER TABLE `products_categories` DISABLE KEYS */;
INSERT INTO `products_categories` VALUES (1,1,'Hamburguesas','/img/our-cart/20200601102026.jpeg','hamburguesas','2019-08-15 03:27:52','2021-01-25 17:46:19','Conoce La Receta Original de las hamburguesas El Corral y disfruta de su jugosa carne acompañada de tocineta crujiente, variedad de quesos y mucho más.','Hamburguesas y más | El Corral: La receta original'),(5,2,'Vaqueros','/img/our-cart/20200601102022.jpeg','vaqueros','2019-08-15 03:27:53','2021-01-25 17:45:05','¿Te gustan los perros calientes? Disfruta de nuestros Vaqueros con salchicha a la parrilla, pan artesanal, queso mozzarella, tocineta y más ¡Conoce más!','Perros calientes para disfrutar | El Corral: La receta original'),(6,5,'Corralito Infantil','/img/our-cart/20201229064038.png','corralito-infantil','2019-08-15 03:27:53','2021-01-25 17:39:15','Si a tus niños les encantan las hamburguesas o los lomos de pollo, no te pierdas nuestros combos infantiles con papas a la francesa y helado ¡Conoce más!','Hamburguesas y menú infantil | El Corral: La Receta Original'),(8,6,'Acompañamientos','/img/our-cart/20200512095144.jpeg','acompañamientos','2019-08-15 03:27:53','2021-01-25 17:34:04','Acompaña tu hamburguesa, perro caliente, ensalada o wrap con anillos de cebolla, yuca con suero, papas a la francesa, en cascos o espiral ¡Entra ya!','Carta de acompañamientos | El Corral: La Receta Original'),(9,7,'Adiciones','/img/our-cart/Adiciones.jpg','adiciones','2019-08-15 03:27:53','2020-09-08 14:41:17','Conoce las adiciones para acompañar tus ensaladas y hamburguesas: suero costeño, tocineta, cebolla grillé, queso fundido o pepinillos y mucho mas.',NULL),(10,8,'Malteadas, postres y helados','/img/our-cart/20191112110140.jpeg','malteadas,-postres-y-helados','2019-08-15 03:27:53','2021-01-25 17:34:53','Deléitate con el sabor de los postres, helados y malteadas de El Corral. Pruébalos en sabores cómo chocolate, fresa, macadamia, frutos del bosque y más.','Postres, malteadas y helados | El Corral: La receta original'),(14,9,'Desayunos','/img/our-cart/20200506074232.jpeg','desayunos','2020-05-06 19:42:32','2020-09-08 14:41:17','Conoce nuestros desayunos, puedes elegir entre el tradicional, granjero, huevos Corral, huevos criollos, rancheros o huevos vaqueros.',NULL),(15,3,'Wraps y Otros','/img/our-cart/20200604091420.jpeg','wraps-y-otros','2020-06-04 21:14:20','2020-07-03 19:26:48','Prueba nuestro delicioso Wrap de pollo, no te puedes perder de nuestros lomos de pollo y mucho más.',NULL),(16,4,'Ensaladas','/img/our-cart/20210215052045.jpeg','ensaladas','2020-09-08 14:40:15','2021-02-15 17:20:45','Prueba nuestras ensaladas con pollo a la plancha o grillé, huevo, tocineta, queso mozzarella, aguacate, jamón y más ¡Pídelas con tu bebida favorita!','Ensaladas deliciosas y frescas l El Corral: La Receta Original');
/*!40000 ALTER TABLE `products_categories` ENABLE KEYS */;
UNLOCK TABLES;

--
-- Table structure for table `restaurants`
--

DROP TABLE IF EXISTS `restaurants`;
/*!40101 SET @saved_cs_client     = @@character_set_client */;
/*!40101 SET character_set_client = utf8 */;
CREATE TABLE `restaurants` (
  `id` int(10) unsigned NOT NULL AUTO_INCREMENT,
  `cost_center` varchar(150) COLLATE utf8mb4_unicode_ci DEFAULT NULL,
  `location_name` varchar(255) COLLATE utf8mb4_unicode_ci NOT NULL,
  `address` varchar(255) COLLATE utf8mb4_unicode_ci NOT NULL,
  `city` varchar(255) COLLATE utf8mb4_unicode_ci NOT NULL,
  `lat` varchar(255) COLLATE utf8mb4_unicode_ci NOT NULL,
  `lng` varchar(255) COLLATE utf8mb4_unicode_ci NOT NULL,
  `schedule` varchar(255) COLLATE utf8mb4_unicode_ci DEFAULT NULL,
  `wifi_zone` tinyint(1) DEFAULT NULL,
  `pet_friendly` tinyint(1) NOT NULL,
  `kid_zone` tinyint(1) NOT NULL,
  `parking` tinyint(1) NOT NULL,
  `valet_parking` tinyint(1) NOT NULL,
  `created_at` timestamp NULL DEFAULT NULL,
  `updated_at` timestamp NULL DEFAULT NULL,
  PRIMARY KEY (`id`),
  UNIQUE KEY `restaurants_cost_center_unique` (`cost_center`)
) ENGINE=InnoDB AUTO_INCREMENT=229 DEFAULT CHARSET=utf8mb4 COLLATE=utf8mb4_unicode_ci;
/*!40101 SET character_set_client = @saved_cs_client */;

--
-- Dumping data for table `restaurants`
--

LOCK TABLES `restaurants` WRITE;
/*!40000 ALTER TABLE `restaurants` DISABLE KEYS */;
INSERT INTO `restaurants` VALUES (0,'V002','PEPE SIERRA','AVENIDA 116 No. 18 B – 75 - TEL DOMICILIO: (031) 6543354','BOGOTÁ, D.C.','4.6983787','-74.0497157','domingo a jueves 8:00 am a 9:00 pm / viernes y sabado 8:00 am a 10:00 pm',1,0,0,1,0,NULL,'2020-11-11 20:53:53'),(1,'V426','PORTAL QUINDÍO','AVDA.BOLIVAR CRA.14 No. 19N- 46  Locales 10-11 C.C.PORTAL DEL QUINDIO - TEL DOMICILIOS: (032) 6082224','QUINDÍO','4.5589604','-75.6553423','Lunes - Jueves - Domingo - Festivo 11:00 am - 9:00 pm  Viernes - Sábado - Antes de Festivo 11:00 am - 10:00 pm                                         ',0,0,0,0,0,NULL,'2020-05-28 20:47:23'),(2,'V251','BUENAVISTA BARRANQUILLA','CRA. 53 CALLE 98 Locales 207 Y 208 CCIAL BUENAVISTA','BARRANQUILLA','11.0139083','-74.8274302','Domingo a Jueves de 10:00am - 9:00pm  Viernes a Sabado 10:00am - 10:00pm ',0,0,0,1,0,NULL,'2020-02-28 21:36:10'),(3,'V252','ALTO PRADO','CRA. 52 No. 80-14 - TEL DOMICILIOS: (035) 3610405','BARRANQUILLA','11.004846','-74.8121417','Lunes - Jueves 10:00am - 10:00pm  Viernes y Sàbado 10:00am - 12:00pm Domingos 10:00am -11:00pm',1,1,1,1,0,NULL,'2020-05-07 00:44:06'),(4,'V253','VIVA BARRANQUILLA','CRA. 51 B CALLE 90 Local 10 DOMICILIO (035) 3610405','BARRANQUILLA','11.00839','-74.82115','Domingo - Jueves 11:00 am - 9:00 pm: Viernes - Sábado 11:00 am-10:00 pm',1,0,0,1,0,NULL,'2020-06-18 22:15:01'),(5,'v255','PORTAL DEL PRADO','CALLE 53 No. 50 ESQUINA Local 219 Y 220 DOMICILIO (035) 3610405','BARRANQUILLA','10.9893472','-74.7891994','Domingo a Domingo 10:00am - 9:00pm',0,0,0,1,0,NULL,'2020-06-18 21:49:37'),(8,'V259','BUENAVISTA II','CALLE 99 No. 52 – 53 Local : 415','BARRANQUILLA','11.014656','-74.8267436','Domingo - Domingo 11:00am - 9:00pm',0,0,0,1,0,NULL,'2020-02-26 20:16:00'),(9,'V260','CARRERA 46','CARRERA 46 NO.. 93 - 100 - TEL DOMICILIOS: (035) 3610405','BARRANQUILLA','11.0052884','-74.8278648','Domingo a jueves de 10:00am - 10:00 pm Viernes y Sabado de 10:00 am a 11:00pm',0,0,1,1,0,NULL,'2020-05-07 00:49:47'),(10,'V262','OUTLET ÚNICO','CALLE 74 No. 38D-113 Local K 008 - TEL DOMICILIOS: (035) 3610405','BARRANQUILLA','10.989122','-74.812721','Domingo - Jueves 11:00 am - 9:00 pm   Viernes - Sábado - Domingo y Antes de Festivo  11:00 am - 10:00 pm ',0,0,0,1,0,NULL,'2020-05-07 00:49:14'),(11,'V263','VILLA COUNTRY','CALLE 78 No. 53-70 Local 326-327','BARRANQUILLA','11.00443','-74.8065626','Domingo - Jueves 11:00 am - 8:00 pm   Viernes - Sábado  11:00 am -9:00 pm ',0,0,0,0,0,NULL,'2020-02-26 20:20:54'),(12,'V270','GRAN PLAZA DEL SOL','CARRERA 32 No. 30-15 Locales 224 - 225 - TEL DOMICILIOS: (035) 3610405','BARRANQUILLA','10.92694','-74.77982','Domingo - Domingo 10:00am - 9:00pm',0,0,0,1,0,NULL,'2020-05-28 20:48:38'),(14,'V003','CEDRITOS','AVENIDA 19 No. 139 A - 15 - TEL DOMICILIOS:	(031) 6543354','BOGOTÁ, D.C.','4.7228995','-74.0465373','Lunes -Domingos 08:00 -10.00 pm',1,0,0,1,0,NULL,'2020-05-06 20:18:36'),(15,'V004','CENTRO INTERNACIONAL','CRA. 7 No. 32 –  83  Local 102 - TEL DOMICILIOS: (031) 6543354','BOGOTÁ, D.C.','4.61705','-74.06793','lunes a  viernes de 7:00 a 9:00  /sabados y domingos de 8:00 a 9:00pm ',1,0,0,0,0,NULL,'2020-05-11 16:40:15'),(16,'V005','CORFERIAS','CARRERA 40 No. 22C - 67 Local 3','BOGOTÁ, D.C.','4.6290727','-74.0906328','DEPENDE   DE   LA   FERIA',0,0,0,1,0,NULL,'2020-02-19 23:59:56'),(17,'V006','HACIENDA SANTA BARBARA','CRA. 7 CON AVDA PEPE SIERRA Local 111','BOGOTÁ, D.C.','4.6927933','-74.0325637','Lunes - Jueves 11:00AM - 9:0PM  VIERNES - SABADO 11:00AM - 10:00PM- DOMINGO- FESTIVO 11:00 -8:00PM',0,0,0,1,0,NULL,'2020-02-20 00:00:04'),(18,'V007','JAVERIANA','CALLE 41 No. 7 - 29','BOGOTÁ, D.C.','4.6286155','-74.0653664','Lunes - Viernes 7:00 am - 7:00 pm  Sábado 10:00 am - 6:00 pm   Domingo - Festivo  10:00 am - 5:00 pm',1,0,0,0,0,NULL,'2020-02-20 00:00:12'),(19,'V008','PALATINO','CARRERA 7 No. 139-07 Local 307','BOGOTÁ, D.C.','4.7156072','-74.0291217','domingo a domingo 10:00am a 9:00pm ',0,0,0,1,0,NULL,'2020-02-20 00:00:25'),(20,'V009','SALITRE','CARRERA 68B No. 40 - 39 Local 371','BOGOTÁ, D.C.','4.653783','-74.1101432','Lunes - Jueves 10:00 am - 8:30 pm  Viernes - Sábádo  10:00 am  - 10:00 pm  Domingo - antes de Festivo y Festivo 10:00 am - 10:00 pm ',0,0,0,1,0,NULL,'2020-02-19 23:21:25'),(21,'V010','UNICENTRO I','AVENIDA 15 No. 123 - 30  Local 280','BOGOTÁ, D.C.','4.7027387','-74.0416718','Lunes -Jueves 8:00 am - 9:00 pm  Viernes -Sábado 8:00 a.m - 10:00 pm  domingo 8a.m-9 pm antes festivo 8a.m-9p.m',1,0,0,1,0,NULL,'2020-02-20 00:00:38'),(22,'V011','CALLE 93','CALLE 93 A No. 14 - 30 - TEL DOMICILIOS:  (031) 6543354','BOGOTÁ, D.C.','4.6775248','-74.0504479','domingo a jueves 8:00 am - 9:30 pm / viernes y sabado 8:00 am a 10:00 pm',1,0,1,1,0,NULL,'2020-05-06 19:32:31'),(23,'V012','PORTAL DE LA 80','TRANSV. 100 A No. 97-20 Local 18-19','BOGOTÁ, D.C.','4.7109292','-74.111613','Lunes -Jueves 10:00 am - 09:00 pm Viernes - Sábado 10:00 am - 10:00 pm  Domingo 10:00 am - 10:00 pm  Domingo antes Festivo  10:00 am - 09:00 pm ',0,0,0,1,0,NULL,'2020-02-20 00:01:01'),(24,'V013','SANTAFÉ','CALLE 183 No. 45-03 Local 381','BOGOTÁ, D.C.','4.7621342','-74.0464461','Lunes -Jueves 10:00 am - 08:00 pm  Viernes - Sábado  10:00 am - 09:00 pm  Domingo 10:00 am - 8:00 pm  Domingo antes Festivo 10:00 am - 8:00 pm ',0,0,0,1,0,NULL,'2020-02-20 00:01:06'),(25,'V015','AMÉRICAS','AVDA.AMERCAS No. 39-22','BOGOTÁ, D.C.','4.6266131','-74.0946025','Domingo a Domingo 10:00am - 9:00pm',1,0,1,1,0,NULL,'2020-07-31 17:14:54'),(26,'V016','ANDES','CRA. 1 No. 18 A- 70 SALÓN N SÉNECA CAFETERIA CENTRAL 2DO. PISO UNIVERSIDAD DE LOS ANDES','BOGOTÁ, D.C.','4.6020595','-74.0659618','Lunes - Viernes  7:00  am - 4:00 pm    Sábado - Domingo  - Festivo  CERRADO',0,0,0,0,0,NULL,'2020-02-20 00:01:19'),(27,'V017','CALLE 71','CRA. 9 No. 71 - 24 -	TEL DOMICILIOS: (031) 6543354','BOGOTÁ, D.C.','4.655371','-74.0572152','Domingo a Domingo  8:00am - 9:00pm',1,0,0,0,0,NULL,'2020-05-11 16:34:45'),(28,'V018','BULEVAR NIZA','AVDA. SUBA CON CALLE 127  Local 318 - TEL DOMICILIOS:	(031) 6543354','BOGOTÁ, D.C.','4.7124048','-74.0717554','Domingo a Jueves 10:00am - 9:00pm Viernes y Sàbado 10:00am - 10:00pm',0,0,0,1,0,NULL,'2020-05-06 20:27:46'),(29,'V019','ISERRA','CARRERA 38 No. 97-76 Local 323','BOGOTÁ, D.C.','4.6879679','-74.0641527','domingo a domingo 10:00am a 9:00pm ',1,0,0,1,0,NULL,'2020-02-20 00:01:37'),(30,'V020','CALLE 100','CALLE 100 No. 8 - 75 PRIMER PISO - TEL DOMICILIOS: (031) 6543354','BOGOTÁ, D.C.','4.6806338','-74.0401858','domingo a domingo 8:00 am a 8:00 pm',1,0,0,0,0,NULL,'2020-05-11 16:31:25'),(31,'V021','BIMA','AUTOPISTA NORTE No.232-35 Local 402 - TEL DOMICILIOS: 	(031) 6543354','BOGOTÁ, D.C.','4.8078828','-74.038673','Domingo a Jueves 10:00am - 8:00pm Viernes y Sàbado 10:00am - 9:00pm',1,0,0,1,0,NULL,'2020-05-06 20:32:33'),(32,'V023','GRAN ESTACIÓN','AV. LA ESPERANZA 62-49 Local 314','BOGOTÁ, D.C.','4.6479363','-74.1010237','domingo a domingo 8:00 am a 8:00 pm',0,0,0,1,0,NULL,'2020-02-20 00:01:57'),(33,'V024','TEXACO 123','AVENIDA 7 No. 123-98 Domicilio (031) 6543354','BOGOTÁ, D.C.','4.6994266','-74.0287556','Lunes -Jueves 11:00 am - 12:00  pm  Viernes -Sábado  11:00 am - 3:00 am    Domingo 11:00 am - 12:00 m   Domingo antes Festivo 11:00 am - 12:00 pm  Festivo 11:00 am - 12:00 pm',0,0,0,1,0,NULL,'2020-06-18 21:47:11'),(34,'V026','CAPITAL CENTER','AVENIDA CLL 26 No.69C-83  Local 201 -202 - TEL DOMICILIOS: (031) 6543354','BOGOTÁ, D.C.','4.6602071','-74.1087618','Lunes -Domingos 10:00 am - 9:00 pm',1,0,0,0,0,NULL,'2020-05-06 20:53:58'),(35,'V027','MAKRO NORTE','AVDA. PASEO DE LOS LIBERTADORES No. 193 -34','BOGOTÁ, D.C.','4.7711713','-74.0425166','domingo a jueves 8:00am a 9:00pm- viernes y sabado 8:00am 10:00pm',1,0,1,1,0,NULL,'2020-02-20 03:38:53'),(36,'V028','PLAZA DE LAS AMÉRICAS','TRANSVERSAL 71 D No. 26-94 SUR  Local 2912','BOGOTÁ, D.C.','4.6186996','-74.1356134','lunes a sabado 11:00 am a 10:00 pm / domingos y festivos 11:00 am a 9:00 pm',0,0,0,1,0,NULL,'2020-02-20 00:02:27'),(37,'V030','UNICENTRO II','AVENIDA 15 No. 123 - 30  Local  4-09','BOGOTÁ, D.C.','4.7021933','-74.0408671','Lunes a jueves-  11:00 am - 9:00 pm  Viernes - Sábado 11:00 am - 10:00 pm  Domingo  11am-9 pm y antes Festivo 11:00 am - 9:00 pm ',0,0,0,1,0,NULL,'2020-02-26 20:39:14'),(38,'V031','EXITO COLINA','TRANSVERSAL 46 No. 145-51 Local 23','BOGOTÁ, D.C.','4.7347091','-74.0649962','domingo a domingo 10:00am a 9:00pm ',0,0,0,1,0,NULL,'2020-02-20 00:02:38'),(39,'V032','CAFAM','TRANSV. 48 No.94-97 3 PISO CONCESIÓN 525','BOGOTÁ, D.C.','4.6866566','-74.0736866','Domingo a Domingo 10:00am - 9:00pm',1,0,0,1,0,NULL,'2020-02-20 00:02:52'),(40,'V033','ATLANTIS','CALLE 80 No. 13 A-20 Local 403','BOGOTÁ, D.C.','4.6661258','-74.0556514','Lunes - Jueves 10:00 am  - 8:00 pm Viernes y Sàbado 10:00am - 9:00pm Domingo 10:00 am - 7:00 pm ',0,0,0,1,0,NULL,'2020-02-20 00:02:57'),(41,'V034','IMPERIAL','CALLE 146 A No. 106-20 Local 2374 - TEL DOMICILIOS: (031) 6543354','BOGOTÁ, D.C.','4.7505548','-74.095037','domingo a domingo 10:00am a 9:00pm ',1,0,0,1,0,NULL,'2020-05-06 20:34:24'),(42,'V036','JUMBO CARRERA 30','CRA 32 No. 18-10 Local 250','BOGOTÁ, D.C.','4.6182932','-74.0899622','lunes a sabado 11:00am a 8:00pm domingo 11:00am a 7:00pm',0,0,0,1,0,NULL,'2020-02-20 00:03:11'),(43,'V037','JUMBO CALLE 170','DIAGONAL 170 No. 64 – 42 -  TEL DOMICILIOS: (031) 6543354','BOGOTÁ, D.C.','4.757975','-74.0651679','domingo a domingo 10:00am a 8:00pm  ',1,0,0,1,0,NULL,'2020-05-06 19:42:52'),(44,'V039','JUMBO HAYUELOS','CRA 84 Nº 26-50 Local 50 - TEL PARA DOMICILIOS: (031) 6543354','BOGOTÁ, D.C.','4.6624794','-74.1322553','domingo a jueves 10:00am a 8:00pm- viernes y sabado 10:00am a 9:00pm',0,0,0,1,0,NULL,'2020-05-06 20:03:09'),(45,'V040','EXITO COUNTRY','CARRERA  9 CALLE 134 Local 3','BOGOTÁ, D.C.','4.712485','-74.0340221','domingo a domingo 10:00am a 8:00pm ',0,0,0,1,0,NULL,'2020-02-20 00:03:36'),(46,'V041','TEXACO 69','CARRERA 7 No.69 – 26','BOGOTÁ, D.C.','4.6518475','-74.0568021','Lunes - Jueves 10:00 am - 2:00 am Viernes - Sábado 10:00 am - 5:00 am  Domingo 10:00 am - 2:00 am   antes Festivo 10:00 am - 2:00 am Festivo 10:00 am - 5:00 am',0,0,0,1,0,NULL,'2020-02-20 00:03:44'),(47,'V042','CENTRO ANDINO','CRA. 11 No.82-01/71 Local 405','BOGOTÁ, D.C.','4.6668958','-74.0529451','Lunes a Sabados 10:00 am-9:00 pm Domingos y Festivos 10:00 -7:00 pm',0,0,0,1,0,NULL,'2020-02-20 00:03:49'),(48,'V043','EXITO 170','Cra. 43 No. 173-98 Local 4','BOGOTÁ, D.C.','4.7550187','-74.0448153','lunes a sabado 10:00am a 8:30pm, domingos y festivos de 10:00am a 8:00pm ',0,0,0,1,0,NULL,'2020-02-20 00:03:53'),(49,'V044','AEROPUERTO','AEROPUERTO EL DORADO Local No. 2371','BOGOTÁ, D.C.','4.69832','-74.14268','FUNCIONA 24 HORAS DE DOMINGO A DOMINGO',1,0,0,1,0,NULL,'2021-01-14 16:20:53'),(50,'V045','ESSO LAS MARGARITAS','DIAGONAL 145 No. 35-93','BOGOTÁ, D.C.','4.726853','-74.0499571','lunes a jueves 10:00 am a 9:00 pm / viernes y sabado 10:00 am a 12:00 am',0,0,0,1,0,NULL,'2020-02-20 00:04:04'),(51,'V046','PUENTE ARANDA','CARRERA 50 No. 19 – 15 - TEL DOMICILIOS: 	(031) 6543354','BOGOTÁ, D.C.','4.6335828','-74.1026276','domingo a domingo 10:00am a 9:00pm ',0,0,0,1,0,NULL,'2020-05-06 21:05:43'),(52,'V047','EL TRIÁNGULO','CARRERA  7 No.59-47 -  TEL DOMICILIOS: (032) 6082224','BOGOTÁ, D.C.','4.6445919','-74.0617105','Lunes -Domingos 10:00am-9:00 pm',0,0,0,0,0,NULL,'2020-05-11 16:54:09'),(53,'V050','EXITO CHAPINERO','CARRERA 13 No. 52-31','BOGOTÁ, D.C.','4.6397878','-74.0656614','Lunes - Sábado 10:00 am - 8:30 pm  Domingo y Festivo  10:00 am - 8:00 pm ',0,0,0,1,0,NULL,'2020-02-20 00:04:20'),(54,'V051','VIVA FONTIBÓN','AVENIDA CENTENARIO  No.106-55 Local 102','BOGOTÁ, D.C.','4.6715366','-74.153595','domingo a domingo 11:00 am a 9:00 pm',0,0,0,1,0,NULL,'2020-02-20 00:04:28'),(55,'V052','CARULLA GALERÍAS','CALLE 53 No. 26-60','BOGOTÁ, D.C.','4.6423169','-74.0756553','Lunes a Jueves 11:00 am - 8:00 pm:    Viernes y Sábado 11:00 am - 10:00 pm  Domingo y Festivo 11:00 am - 8:00 pm',0,0,0,1,0,NULL,'2020-02-20 00:05:16'),(56,'V053','ESSO CAMPÍN','CARRERA 30 No. 53 A-62- TEL DOMICILIOS: (031) 6543354','BOGOTÁ, D.C.','4.6437177','-74.0785199','lunes a miercoles 10:00 a 9:00 pm / jueves , viernes y sabado 10:00 am a 10:00 pm',0,0,0,1,0,NULL,'2020-05-18 21:59:43'),(57,'V054','PASEO SAN RAFAEL','CALLE 134 No. 47-01 Local 119 -  TEL DOMICILIOS (032) 6082224','BOGOTÁ, D.C.','4.7232149','-74.062078','domingo  a jueves 10:00 am a 9:00 pm / viernes y sabadao de 10:00 am a 10:00 pm',0,0,0,1,0,NULL,'2020-05-21 21:17:18'),(58,'V055','CEDRITOS 151','DIAGONAL 150 No. 16-56 Local 2038','BOGOTÁ, D.C.','4.7319826','-74.0420312','Lunes-Domingos 10:00 am 9:00pm',0,0,0,1,0,NULL,'2020-02-20 00:05:37'),(59,'V056','CENTENARIO','CLL 13 N° 64-71  Local 44','BOGOTÁ, D.C.','4.6339597','-74.1156632','Lunes - Viernes 10:00 am - 7:00 pm Sábado -Domngo y Festivo 10:00 am - 6:00 pm ',0,0,0,0,0,NULL,'2020-02-26 20:48:15'),(60,'V057','SAN MARTÍN','CARRERA 7 No. 31 – 94 Local 409','BOGOTÁ, D.C.','4.6187','-74.06847','Lunes - Sábado 10:00 am - 8:00 pm  Domingo  y Festivo  10:00 am - 08:00 pm',0,0,0,1,0,NULL,'2020-02-20 00:05:45'),(61,'V058','PARQUE CENTRAL BAVARIA','CARRERA 13 No.28 – 01  Local  173','BOGOTÁ, D.C.','4.6161985','-74.069611','Lunes a Sabado10:00 am - 7:00 pm  Domingo y Festivo CERRADO     ',1,0,0,0,0,NULL,'2020-02-20 00:05:49'),(62,'V059','JUMBO SAN CAYETANO','CALLE 46 A No. 85 A – 51 Local 22 - TEL DOMICILIOS: (031) 6543354','BOGOTÁ, D.C.','4.6767121','-74.1169024','Domingo - Jueves 11:00 am - 8:00 pm  Viernes - Sábado 11:00 am - 8:30 pm  Domingo,  antes Festivo y Festivo 11:00 am - 8:00 pm',0,0,0,1,0,NULL,'2020-05-06 20:35:52'),(63,'V060','EXITO 80','CARRERA 59A No. 79 – 30','BOGOTÁ, D.C.','4.6838123','-74.0806818','domingo a domingo 10:00am a 9:00pm ',0,0,0,1,0,NULL,'2020-02-20 00:05:57'),(64,'V061','SANTAFÉ II','CALLE 183 No. 45-03 Local 3 – 102','BOGOTÁ, D.C.','4.7623052','-74.0472615','Lunes - Jueves 10:00 am  - 8:00 pm Viernes - Sábado 10:00 am - 09:00 pm Domingo - Antes de Festivo y Festivo 10:00 am - 8:00 pm',0,0,0,1,0,NULL,'2020-02-20 00:06:15'),(65,'V062','HAYUELOS','CALLE 20 No. 82 – 52 Local 225 – 226','BOGOTÁ, D.C.','4.6639337','-74.1304314','Domingo - Jueves 11:00 am - 9:00 pm  Viernes - Sábado - Domingo antes Festivo 11:00 am -10:00 pm  Festivo 11:00 am - 9:00 pm',0,0,0,1,0,NULL,'2020-02-26 21:55:03'),(66,'V063','CARDIO INFANTIL','CALLE 163 A No. 27 A 45 Local 8','BOGOTÁ, D.C.','4.7419745','-74.0341991','domingo a domingo 8:00 am a 6:00 pm',1,0,0,1,0,NULL,'2020-02-20 00:06:27'),(67,'V064','CAN','CALLE 44 No. 57 A - 12 - TEL DOMICILIOS: 	(031) 6543354','BOGOTÁ, D.C.','4.6473943','-74.0934893','Domingo a Jueves 10:00am - 9:00pm / Viernes y Sabado 10:00am - 10:00pm',0,0,0,0,0,NULL,'2020-05-06 20:26:06'),(68,'V065','PARK WAY','CARRERA 24 No. 39 B – 31','BOGOTÁ, D.C.','4.629995','-74.0754622','domingo a jueves 10:00am a 9:00- viernes a sabado 10:00 a 10:00pm',1,0,0,0,0,NULL,'2020-02-20 03:39:20'),(70,'V067','GALERÍAS','CALLE 52 N° 24 – 12 - TEL DOMICILIOS :	(031) 6543354','BOGOTÁ, D.C.','4.6408652','-74.0742445','domingo - Jueves 10:00 am - 10:00 pm  Viernes -Sábado 10:00 am - 11:00 pm ',1,0,0,0,0,NULL,'2020-05-06 20:53:28'),(71,'V068','JUMBO 80','CALLE 81 No. 68 - 50 Local 4','BOGOTÁ, D.C.','4.6912439','-74.0836108','domingo a domingo 10:00am a 9:00pm ',0,0,0,1,0,NULL,'2020-02-20 00:06:57'),(72,'V071','AVENIDA CHILE','CALLE 73 Nº 10-83 Local 6 Y 7','BOGOTÁ, D.C.','4.6572824','-74.0577006','Domingo a Domingo de 10:00am - 8:00pm',0,0,0,1,0,NULL,'2020-02-20 00:07:04'),(73,'V072','PARQUE 97','AVENIDA 19 No. 97-05 Local 1-2 Domicilios (031) 6543354','BOGOTÁ, D.C.','4.6845982','-74.0526929','domingo a domingo 8:00am a 9:00pm ',1,0,0,0,0,NULL,'2020-06-18 21:46:39'),(74,'V074','CENTRO MAYOR','AVENIDA CARRERA 27 No. 38 A – 83 Local 2 -101 /2-102','BOGOTÁ, D.C.','4.591642','-74.123968','Domingo - Jueves 11:00 am - 10:00 pm  Viernes - Sábado 11:00 am - 11:00 pm  Domingo Antes de Festivo y Festivo 11:00 am - 10:00 pm ',0,0,0,1,0,NULL,'2020-02-20 00:07:13'),(75,'V075','HOMECENTER 170','Autopista Norte No. 175-50','BOGOTÁ, D.C.','4.7556014','-74.0464944','Lunes - Jueves 11:00 am - 9:00 pm  Viernes - Sábado 11:00 am - 9:00 pm   Domingo - Antes de Festivo y Festivo 11:00  am - 8:00 pm ',0,0,0,1,0,NULL,'2020-02-20 00:07:18'),(76,'V076','CENTRO MAYOR II','AVENIDA CARRERA 27 No. 38 A – 83 Local 3024 A','BOGOTÁ, D.C.','4.5910123','-74.124434','Domingo - Jueves 11:00 am - 9:00 pm  Viernes - Sábado 11:00 am - 10:00 pm  Domingo antes Festivo  y Festivo 11:00 am - 9:00 pm ',0,0,0,1,0,NULL,'2020-02-20 00:07:22'),(77,'V077','EDIFICIO CONTINENTAL','AV JIMENEZ No. 4-16 Local 21 MEZZANINE','BOGOTÁ, D.C.','4.6008751','-74.0706959','Lunes - Sábado  8:00 am - 7:00 pm  Domingo y Festivos 8:00 am -6:00 pm ',0,0,0,0,0,NULL,'2020-02-20 00:07:25'),(78,'V078','TORRE CUSEZAR','AVENIDA CALLE 116 # 7 - 15 Local 2','BOGOTÁ, D.C.','4.6937647','-74.0342179','lunes a  domingo 8:00 - 8:00pm',1,0,0,0,0,NULL,'2020-02-20 03:41:00'),(80,'V080','HOMECENTER 80','AVDA. CARRERA 68 D No. 80-70','BOGOTÁ, D.C.','4.6852024','-74.0789223','Lunes a sabado 10:00 am a 8:00 pm domingos y festivos de 10:00 a,m a 7:00 pm',0,0,0,1,0,NULL,'2020-02-20 00:07:36'),(81,'V081','CAFAM II','AVENIDA CRA. 68 No. 90-88 Local 103-203 Dentro CC. 1er. Piso','BOGOTÁ, D.C.','4.6859509','-74.0746817','Domingo a Domingo 10:00am - 9:00pm',1,0,0,1,0,NULL,'2020-02-20 00:07:40'),(82,'V083','BAZAAR ALSACIA','CALLE 12B No. 71D – 61 - TEL DOMICILIOS: (031) 6543354','BOGOTÁ, D.C.','4.6453699','-74.1298735','domingo a jueves 11:00 am a 9:00 pm / viernes y sabado de 11:00 am a 10:00 pm',1,0,0,1,0,NULL,'2020-05-06 20:51:01'),(83,'V084','CALLE 38','CARRERA 13 No. 38 – 65  - TEL DOMICILIOS: (031) 6543354','BOGOTÁ, D.C.','4.6266826','-74.0674397','Domingo a Domingo de 10:00am - 9:00pm',1,0,0,0,0,NULL,'2020-05-06 20:25:16'),(84,'V085','CALLE 90','CARRERA 18 Nº 89-38','BOGOTÁ, D.C.','4.6754757','-74.0552598','Domingo a Domingo 8:00am - 8:00pm',1,0,0,0,0,NULL,'2020-02-26 20:41:34'),(85,'V086','CALLE 85','CALLE 85 No. 13- 77','BOGOTÁ, D.C.','4.669406','-74.0543318','24   HORAS TODOS LOS DÍAS',1,0,0,0,0,NULL,'2020-02-20 00:08:14'),(86,'V087','CALIMA BOGOTÁ','AVDA. CALLE 19 No. 28-80&nbsp; Local C-30&nbsp;','BOGOTÁ, D.C.','4.6191808','-74.0865827','Domingo a Domingo 10:00am - 9:00pm',1,0,0,1,0,NULL,'2020-02-20 00:08:23'),(87,'V088','DIVERPLAZA','DIVER PLAZA TRANS 99 No. 70A-89  Local 7 CCIAL DIVER PLAZA','BOGOTÁ, D.C.','4.7006055','-74.1153896','Lunes -Jueves 10:00am -10:00 pm Viernes y sabados 10:00 am -11:00 pm Domingos y Festivos 10:00-10:00pm',0,0,0,1,0,NULL,'2020-02-20 00:10:11'),(89,'V090','INCOCENTRO','CALLE 57 R SUR No. 64-46 Estación de Servicio Incocentro - TEL DOMICILIO: (031) 6543354','BOGOTÁ, D.C.','4.5968621','-74.1555288','lunes a jueves 10:00 am a 10:00 pm / viernes y sabado 10:00 am a 11:00 pm / domingo 10:00 am a 9:00 pm',0,0,0,1,0,NULL,'2020-05-06 20:41:08'),(90,'V091','TITAN PLAZA','AV CARRERA 72 No. 80-94 Local   3-39 /340 C.C TITAN PLAZA - TEL DOMICILIO: (031) 6543354','BOGOTÁ, D.C.','4.6952002','-74.0870225','Lunes - Jueves 10:00 am - 09:00 pm  Viernes -Sábado  10:00 am - 09:00 pm  Domingo - Antes de Festivo y Festivo 10:00 am - 09:00 pm  ',0,0,0,1,0,NULL,'2020-05-06 20:42:16'),(91,'V092','CAPITAL TOWER','DIAGONAL 22 B No. 51-38 Locales 111 y 112 - TEL DOMICILIOS: (031) 6543354','BOGOTÁ, D.C.','4.6387772','-74.098489','Lunes - Jueves 08:00 am - 90:00 pm  Viernes -Sábado 08:00 am - 10:00 pm   Domingo  - Festivo  08:00 am - 09:00 pm  ',1,0,0,0,0,NULL,'2020-05-06 20:52:16'),(92,'V093','CALLE 122','CALLE 122 No. 18B - 05 Domicilios (031) 6543354','BOGOTÁ, D.C.','4.7014168','-74.0478086','Domingo a Domingo de 10:00am - 9:00pm',1,0,0,0,0,NULL,'2020-06-18 20:51:06'),(93,'V095','COLINA CAMPESTRE II','CALLE 138 No 58 -74 Local 7 y 8 - TEL DOMICILIOS: (031) 6543354','BOGOTÁ, D.C.','4.7291973','-74.0663427','domingo a domingo de 10:00 am a 10:00 pm',1,0,0,1,0,NULL,'2020-05-06 20:31:40'),(95,'V099','CALLE 109','CALLE 109 No.15-22  Local 1 DOMICILIOS (031) 6543354','BOGOTÁ, D.C.','4.6928238','-74.0450567','domingo a jueves 10:00 am a 9:30 pm / viernes y sabado de 10:00 am a 10:00 pm',1,0,0,0,0,NULL,'2020-06-18 20:35:47'),(96,'V100','CENTRO EMPRESARIAL 106','AVENIDA CARRERA 45 No. 106-25 - TEL DOMICILIOS: 	(031) 6543354','BOGOTÁ, D.C.','4.6936164','-74.0565084','Lunes-Domingos 8:00 am-8:00 pm',1,0,0,1,0,NULL,'2020-05-06 20:22:43'),(97,'V101','TEXACO 7 DE AGOSTO','CARRERA 24 No. 62-39 Local 1','BOGOTÁ, D.C.','4.6506632','-74.0727854','Lunes - Jueves 10:00 am - 10:00 pm  Viernes - Sábado 10:00 am - 10:00 pm  Domingo - Antes de Festivo y Festivo 10:00 am - 9:00 pm ',0,0,0,1,0,NULL,'2020-02-20 00:10:53'),(98,'V103','PLAZA 127','AK 45 No. 125-91  CENTRO COMERCIAL PLAZA 127 - TEL DOMICILIOS: 	(031) 6543354','BOGOTÁ, D.C.','4.7061924','-74.054777','Lunes - Jueves 10:00 am - 09:00 pm Viernes , Sábado  10:00 am - 10:00 pm   - Antes de Festivo 11:00 am  - 11:00 PM DOMINGO 10:00 9 :00 PM ',1,0,0,1,0,NULL,'2020-05-06 20:21:10'),(99,'V105','ESTACION LOS ABUELOS','CALLE 170 No. 20 A -08  Locales  3- 4- 5-6    - TEL DOMICILIOS: (031) 6543354','BOGOTÁ, D.C.','4.7510627','-74.0435439','Lunes a sabado de 11:00 am a 10:00 pm\ndomingos 11:00am a 9:00pm',1,0,0,1,0,NULL,'2020-05-06 20:20:15'),(100,'V106','GREEN OFFICE','CARRERA 11 A No.98-06 Locales 8-9 Ala B','BOGOTÁ, D.C.','4.6813208','-74.0448046','domingo a jueves  8: 00 a 7:00 pm / viernes a sabado  8:00 am a 7:30 pm',1,0,0,0,0,NULL,'2020-02-20 03:35:47'),(101,'V107','BELAIRE','AK 7 No. 153-74 Locales 4(3-04)  - 5(3-05) - TEL DOMICILIOS: (031) 6543354','BOGOTÁ, D.C.','4.7274812','-74.0243688','Domingo a Domingo 10:00am - 8:00pm',0,0,0,1,0,NULL,'2020-05-06 20:30:42'),(102,'V108','CONECTA 26','AV. CALLE 26 No.  92-32 GOLD 5 Local 3  -  TEL DOMICILIOS: (031) 6543354','BOGOTÁ, D.C.','4.6840048','-74.1196221','Lunes -Sabados 7:00 am -9:00 pm Domingos y Festivos 8:00 am -9:00 pm',1,0,0,1,0,NULL,'2020-05-11 16:44:07'),(103,'V109','PLAZA CENTRAL','Calle 13 Entre Carreras 65 y 62 Local 3-52','BOGOTÁ, D.C.','4.6333','-74.1144','lunes a jueves 11:00 am a 9:00 pm / viernes y sabado 11:00 am a 11:00 a 10:00 pm / domingos y festivos 11:00 am a 8:00 pm',0,0,0,1,0,NULL,'2020-02-26 20:51:24'),(104,'V110','UNICENTRO TUNJA','CARRERA 1A CALLE 40 Local 1099','TUNJA','5.5460611','-73.3489189','Domingo a Jueves 10:00 am - 9:00 pm Viernes - Sábado 10:00 am - 9:00 PM',0,0,0,1,0,NULL,'2020-02-20 00:07:15'),(105,'V113','GREEN HILLS','Avenida&nbsp;que une la ruta 55 con la avenida Universitaria local 5B - TEL DOMICILIOS (031) 6543354','TUNJA','5.569324','-73.3310258','Domingo a Jueves 10:00 am - 9:00 pm Viernes - Sábado 10:00 am - 9:00pm',1,0,0,1,0,NULL,'2020-05-06 20:37:31'),(106,'V117','PARQUE LA COLINA','Carrera 58D No. 146-51  Local FC 3','BOGOTÁ, D.C.','4.73289','-74.06587','Lunes - Jueves 11:00 am - 9:00 pm  Viernes - Sábado 11:00 am - 10:00 pm  Domingo 11:00 am - 09:00 pm  Antes de Festivo 11:00 am - 09:00 pm Festivo 11:00 am - 09:00 pm',0,0,0,1,0,NULL,'2020-02-20 00:07:01'),(107,'V120','LA FELICIDAD','Calle 19A No. 72-57 Local CFC-03 Multiplaza La Felicidad','BOGOTÁ, D.C.','4.65171','-74.12625','Lunes - Jueves 10:00 am - 9:00 pm  Viernes - Sábado 10:00 am - 10:00 pm  Domingo - Antes de Festivo 10:00 am -10:00 pm y Festivo 10:00 am - 9:00 pm  ',0,0,0,0,0,NULL,'2020-02-20 00:06:57'),(108,'V121','EL LAGO CALLE 76','Calle 76 No. 14-38 - (031) 6543354','BOGOTÁ, D.C.','4.66285','-74.05902','Lunes - Jueves 7:00 am - 9:00 pm  Viernes 7:00 am - 10:00 pm  Sábado  8:00 am - 8:00 pm  Domingo 9:00 am - 6:00 pm',1,0,0,0,0,NULL,'2020-05-06 20:29:44'),(109,'V122','TERRAPLAZA','Carrera 9 # 73BN - 22 Local 216 - TEL DOMICILIOS: (032) 6082224','POPAYAN','2.48644','-76.56065','Lunes a Domingo 10:00 am - 9:00 pm',0,0,0,1,0,NULL,'2020-05-28 20:45:51'),(110,'V123','CASABLANCA','Calle 7 No.1A - 91 Este, Etapa 5 SM 2 SL 2 Local 13 - TEL DOMICILIO: (031) 6543354','BOGOTÁ, D.C.','4.7273529','-74.2569888','Lunes a domingo de 10 am a 8 pm ',1,0,0,1,0,NULL,'2020-05-06 20:39:19'),(111,'V124','VENTURA TERREROS','Carrera 1a No. 38-53 Local 3-19 -  TEL DOMICILIOS: (031) 6543354','SOACHA','4.589','-74.19573','Lunes -domingo 10:00 am - 8.00 pm',0,0,0,1,0,NULL,'2021-02-12 18:20:12'),(112,'V125','METRÓPOLIS','AVENIDA 68 No. 75A - 50 Local 215A - 216A','BOGOTÁ, D.C.','4.681079','-74.082394','domingo a domingo  de 10:00 am a  10:00 pm',0,0,0,1,0,NULL,'2020-02-20 00:06:27'),(113,'V459','ZIPAQUIRÁ','C. C.CASA TERRACOTA ZIPAQUIRA CALLE 4 No. 5-55  -  TEL DOMICILIOS: (031) 6543354','BOGOTÁ, D.C.','5.02379','-74.00542','Lunes - Jueves - Domingo - Festivo 10:00 am  9:00 pm Viernes - Sábado 10:00 am - 9:00 pm   Antes de  Festivo 10:00 am - 09:00 pm ',0,0,0,0,0,NULL,'2020-05-11 16:38:42'),(115,'V461','CAMPESTRE','CARRETERA CENTRAL NORTE KM. 20 VEREDA FUSCA','BOGOTÁ, D.C.','4.8391322','-74.0282178','Lunes - Jueves - Domingo - Festivo 10:00 am  08:30 pm Viernes - Sábado 10:00 am - 08:30 pm   Antes de  Festivo 10:00 am - 08:30 pm ',1,1,1,1,0,NULL,'2020-02-20 03:31:06'),(116,'V462','CENTRO CHÍA','AVENIDA PRADILLA 900 ESTE CHIA Local 52','CHÍA','4.8652702','-74.0367365','Lunes - Jueves -10am-9pm   Domingo - Festivo 10:00 am - 9:00 pm  Viernes - Sábado - Antes de Festivo 10:00 am - 9:00 pm  ',0,0,0,1,0,NULL,'2021-02-12 17:56:54'),(117,'V464','CHÍA II','AVENIDA PRADILLA 900 ESTE CHIA Local 165-166 - TEL DOMICILIOS: (031) 6543354','CHÍA','4.8652915','-74.0358567','Lunes - Jueves -10am-9pm   Domingo - Festivo 10:00 am - 9:00 pm  Viernes - Sábado - Antes de Festivo 10:00 am - 9:00 pm  ',0,0,0,1,0,NULL,'2021-02-12 17:57:01'),(119,'V468','BRICEÑO','LOTE ENTRE VIAS No. 1B VEREDA APOSENTOS','BOGOTÁ, D.C.','4.9399903','-73.9669454',' lunes  a jueves10a.m a 7 pm -viernes 10 am -7pm -sabado 10am - 7pm -domingos y festivos 10am - 7 pm',1,1,1,1,0,NULL,'2020-02-20 03:29:19'),(120,'V474','ALLEGRO COTA','KILOMETRO 6 VIA SIBERIA COTA Local 7  - TEL DOMICILIOS:	(031) 6543354','BOGOTÁ, D.C.','4.79351','-74.11571','Lunes a dom de 11:00am  a 9:00 pm',1,0,0,1,0,NULL,'2020-05-06 20:43:06'),(121,'V477','ESSO CHÍA','CARRERA 1 No. 19-74 Local 1','CHÍA','4.86386','-74.0459','Lunes - Viernes 10:00 am - 9:00 pm  Sábado 10:00 am - 9:00 pm  Domingo - Festivos  10:00 am - 9:00 pm   ',1,0,0,1,0,NULL,'2021-02-12 17:57:03'),(122,'V478','BAZAAR CHÍA','VEREDA BOJACA, LOS ZIPAS, VIA CAJICA CHIA KM 9 L.102','CHÍA','4.8839563','-74.0373802','Lunes - Jueves -10am-9pm   Domingo  10:00 am - 9:00 pm  Viernes - Sábado - Antes de Festivo 10:00 am - 9:00 pm  ',1,0,0,1,0,NULL,'2021-02-12 17:57:04'),(123,'V482','FONTANAR','km. 2 Chia - Cajica Local Fc-12 Centro Comercial Fontanar - TEL DOMICILIOS: (031) 6543354','CHÍA','4.883037','-74.0357494','Lunes a Jueves - Domingos - Antes de Festivo y Festivo 11:00 am - 9:00 pm  Viernes - Sábado 11:00am - 9:00 pm ',0,0,0,1,0,NULL,'2021-02-12 18:12:51'),(124,'V485','ZUCA','Zuca Plaza, Autopista Medellíon Km. 3.9 costado Sur, Local 109 Bloque A','BOGOTÁ, D.C.','4.754734','-74.152306','Lunes-Domingo 10:00 am-7:00 pm',1,0,0,1,0,NULL,'2020-02-20 00:04:30'),(125,'V490','MERCURIO','CARRERA 7 No. 32 – 35 Local 253 – 254 SOACHA','SOACHA','4.58853','-74.20455','Domingo - jueves 11- 8 pm- viernes y sabado- 11 - 9pm domigo antes de festivo 11 - 9 pm',0,0,0,1,0,NULL,'2021-02-12 18:20:01'),(126,'V279','CACIQUE','Transversal Oriental  No. 90-182 Local 412 CCCIAL CACIQUE- TEL DOMICILIOS:(031) 6543354','BUCARAMANGA','7.0992531','-73.1073833','Lunes a jueves de 10 a 9 .30pm viernes y domingos y festivos  de 10 a 10pm sabado de 10am a 10pm ',0,0,0,1,0,NULL,'2020-06-16 19:42:10'),(127,'V431','LA FLORIDA','CALLE 31 No. 25 A-19 Local 313 Domicilio (031) 6543354','BUCARAMANGA','7.0704133','-73.1053609','Lunes - domingo 10 : 00  am - 8 :45 pm',0,0,0,0,0,NULL,'2020-06-18 21:02:04'),(129,'V151','CHIPICHAPE','CLL 38 NORTE No. 6 N-35  Local 229-230','CALI','3.475525','-76.5276544','Domingo a Jueves 11:00 am - 10:00 pm  Viernes - Sábado 11:00 am - 11:00 pm  Dominto - Antes de Festivo y Festivo 11:00 am  - 10:00 pm  ',0,0,0,1,0,NULL,'2020-02-20 00:04:07'),(130,'V152','SANTA MÓNICA','CALLE 28 NORTE No. 6 A- 16 - TEL DOMICILIOS: (032) 6082224','CALI','3.4703953','-76.5297049','Domingo a  Jueves 10:00 am - 11:00 pm Viernes - Sábado 10:00 am - 12:00 am Domingo 10:00 - 11:00 pm  Antes de Festivo 10:00 am - 11:00 am Festivo 10:00 am -11:00 pm ',0,0,0,1,0,NULL,'2020-05-07 00:39:11'),(131,'V153','LIMONAR','CALLE 9 No. 65 - 45 (EL LIMONAR) - TEL DOMICILIOS: (032) 6082224','CALI','3.3990616','-76.5442854','Domingo a  Miercoles 10:00 am - 11:00 pm Jueves 10 am a 12 am Viernes - Sábado 10:00 am - 12:00 am Domingo 10:00 - 12:00 pm  Antes de Festivo 10:00 am - 11:00 pm Festivo 10:00 am -11:00 pm ',1,0,1,0,0,NULL,'2020-05-07 00:36:49'),(132,'V155','UNICENTRO CALI','CARRERA 100 No. 5-169 Local 386','CALI','3.374332','-76.5410453','LUNES A DOMINGO 10 : 00 AM - 10 : 00 PM ',0,0,0,1,0,NULL,'2020-02-20 00:03:51'),(133,'V157','CAÑAS GORDAS','AV. CAÑAS GORDAS No. 112-18 - TEL DOMICILIOS: (032) 6082224','CALI','3.3585128','-76.5303299','DOMINGO  a  Jueves 11:00 am - 11:00 pm Viernes - Sábado 11:00 am - 12:00 PM Domingo 11:00 - 11:00 pm  Antes de Festivo 11:00 am - 01:00 am Festivo 11:00 am -11:00 pm ',1,1,1,1,0,NULL,'2020-05-07 00:35:46'),(134,'V160','PALMETTO','CALLE 9 No. 56-50 C.C PALMETTO Local 223-224','CALI','3.4119094','-76.5406618','Domingo a Jueves 11:00 am - 10:00 pm  Viernes - Sábado 11:00 am - 11:00 pm Festivo 11:00 am  - 10:00 pm  ',0,0,0,0,0,NULL,'2020-02-20 00:03:41'),(135,'V161','JARDÍN PLAZA','CARRERA 98 No. 16 - 200   Local.16 Domicilios (032) 6082224','CALI','3.3694427','-76.5286589','Lunes - Jueves 10:00 am - 10:00 pm  Viernes - Sábado 10:00  am – 10:00 pm  Domingo 11:00 am - 10:00 pm  Antes de Festivo y Festivo 10:00 am - 10:00 pm ',0,0,0,1,0,NULL,'2020-06-18 21:00:35'),(136,'V162','CENTENARIO CALI','AVENIDA 4 NORTE No. 7 N – 46 Local 312 – 313','CALI','3.4542511','-76.5374109','TODOS LOS DIAS 10:00 am – 10:00 pm ',0,0,0,1,0,NULL,'2020-02-20 00:03:25'),(138,'V164','COSMOCENTRO','CALLE 5 No. 50 – 103 Local 312','CALI','3.4143071','-76.5473431','TODOS LOS DIAS 11:00 am – 10:00 pm',0,0,0,1,0,NULL,'2020-02-20 00:03:16'),(139,'V165','ÚNICO','CALLE 52 ENTRE CARRERA 3 Y 4 Local 105 B','CALI','3.4648667','-76.5006781','Lunes - Jueves 10:00 am - 9:00 pm Viernes - Sábado y Domingo  10:00 am - 10:00 pm',0,0,0,1,0,NULL,'2020-02-20 00:03:11'),(140,'V166','PARQUE DEL PERRO','CARRERA 34 No. 3 -54 DOMICILIO (032) 6082224','CALI','3.4354694','-76.5458545','Domingo a  Jueves 10:00 am - 11:00 pm Viernes - Sábado 01:00 am - 12:00 aM Domingo 10:00 - 11:00 pm  Antes de Festivo 10:00 am - 12:00 am Festivo 10:00 am -12:00 pm ',1,0,1,0,0,NULL,'2020-06-18 21:48:38'),(141,'V167','ARROYOHONDO','CARRERA 33 No. 10 - 29  - TEL DOMICILIOS: (032) 6082224','CALI','3.5086423','-76.5193596','dommingo a Jueves 10 :00 am a 10:00 pm / viernes y sabado de 10:00 am a 11:00 pm',1,0,0,1,0,NULL,'2020-05-07 00:37:45'),(142,'V168','PREMIER LIMONAR','CALLE 5 No.  69 -03 Local  220 – 221','CALI','3.3947588','-76.5446489','TODOS LOS DIAS  11:00 am - 10:00 pm',1,0,0,1,0,NULL,'2020-02-26 21:48:29'),(143,'V170','ESSO PORTAL DEL SUR','ESTACIÓN ESSO PORTAL DEL SUR CALLE 25 No 93-75','CALI','3.375735','-76.5243727','Lunes - Miercoles 10:00 am - 11:00 pm  Jueves Viernes y Sábado 10:00 am - 12:00 pm  Domingo y Jueves 10:00 am - 11:00 pm  Antes de Festivo 10:00 am - 12:00 pm  Festivo 10:00 am - 12:00 pm ',0,0,0,1,0,NULL,'2020-02-20 00:02:39'),(144,'V171','EDS GRANADA','AVENIDA 8N No. 15 AN-40','CALI','3.4586','-76.53291','Domingo a Jueves 10:00 - 10:00 pm  Viernes - Sábado- 10:00 – 11:00 am  ',0,0,0,0,0,NULL,'2020-02-20 00:02:32'),(145,'V172','LA FLORA','AVENIDA 3i NORTE No. 49N-156 - TEL DOMICILIOS: (032) 6082224','CALI','3.48253','-76.514716','Domingo - Jueves 11:00 am - 11:00 pm  Viernes - Sábado  11:00 am –  1:00 am  Domingo - Antes de Festivo y Festivo 11:00 am - 11:00 pm ',1,0,0,1,0,NULL,'2020-05-07 00:37:17'),(146,'V421','ESSO YUMBO','CALLE 15 No. 35-147 ACOPI YUMBO','CALI','3.5013764','-76.5055811','Domingo, Lunes y Martes 11am a 7pm, Miercoles a Sabado 10 am a 10 pm',0,0,0,1,0,NULL,'2020-02-20 00:02:21'),(147,'V302','BOCAGRANDE','AVENIDA SAN MARTIN No. 9-84 - TEL DOMICILIOS: (035) 6517261','CARTAGENA','10.405741','-75.552898','domingo a lunes 10:00 am 11:00 pm sabado y domingo 10:00 am a 12 :00 am de la noche',0,1,0,1,0,NULL,'2020-05-07 00:52:47'),(148,'V303','EXITO CARTAGENA','AVENIDA PEDRO DE HEREDIA No. 69-75 Local 4 - TEL DOMICILIOS: (035) 6517261','CARTAGENA','10.3950407','-75.4857409','Domingo - Jueves 11:00 am - 9:00 pm:  Viernes - Sábado - Domingo y Antes de Festivo 11:00 am - 7:00 pm ',0,0,0,1,0,NULL,'2020-05-07 00:53:25'),(149,'V305','CARIBE PLAZA','CALLE 29 D No. 22-150 Local 211  Domicilios (035) 3610405','CARTAGENA','10.4143147','-75.529654','Domingo - Jueves 10:00 am - 9:00 pm   Viernes - Sábado -  Antes de Festivo 10:00 am - 10:00 pm ',0,0,0,1,0,NULL,'2020-06-18 20:51:43'),(150,'V310','PLAZA SAN PEDRO','CALLE SAN JUAN DE DIOS No. 3 – 141 -  TEL DOMICILIOS (032) 6082224','CARTAGENA','10.422079','-75.5511526','Domingo - Jueves 10:00 am - 10:00 pm  Viernes - Sábado - Domingo y  Antes de Festivo 10:00 am -11:00 pm ',1,0,0,0,0,NULL,'2020-05-18 22:43:41'),(151,'V311','MALL PLAZA','AV PEDRO DE HEREDIA CON CALLE 31 Local FC   205 - TEL DOMICILIOS (035) 6517261','CARTAGENA','10.4252517','-75.5404848','domingo a lunes 10 am - 9 pm sábado y domingo 10 am - 11 pm',0,0,0,1,0,NULL,'2020-05-18 22:41:28'),(152,'V312','NAO CARTAGENA','AV SAN MARTIN CALLE 5 Local 77 CCIAL NAO Domicilio (035) 6517261','CARTAGENA','10.3996786','-75.5589384','Domingo - Jueves 10:00 am - 10:00 pm  Viernes - Sábado - Domingo y Antes de Festivo 10:00 am -11:00 pm ',1,0,0,1,0,NULL,'2020-06-18 21:03:05'),(153,'V313','PLAZA BOCAGRANDE','CARRERA 1 No. 12-118 Locales 317 y 318 C.C. Plaza Bocagrande','CARTAGENA','10.4106795','-75.5512244','domingo a lunes 10 am - 9 pm sábado y domingo 10 am - 11 pm',0,0,0,1,0,NULL,'2020-02-20 00:00:34'),(154,'V280','UNICENTRO CÚCUTA','AVDA.LOS LIBERTADORES CON CANAL BOGOTÀ L. 1-99','CÚCUTA','7.9167413','-72.4937689','Lunes - Jueves 10:00 am - 9:00 pm  Viernes - Sábado 10:00 am - 10:00 pm Domingo 10:00 am - 10:00 pm  Antes de festivo 10:00 am - 10:00 pm Festivo 10:00 am - 9:00 pm',0,0,0,1,0,NULL,'2020-02-20 00:00:21'),(155,'V281','VENTURA PLAZA','DIAG.SANTANDER ENTRE CALLE 10 Y 11 CC V PLAZA L18-19  1ER PISO DOMICILIO (031) 6543354','CÚCUTA','7.8882824','-72.4964029','lunes a jueves de 10 A 9 - viernes sabado domingo de 10 a 10 pm domingo antes de festivo y festivo de 10am a 10pm ',1,1,1,1,0,NULL,'2020-06-18 22:12:27'),(156,'V116','INNOVO PLAZA','CALLE 18 No.12-54&nbsp; Local 2-24 A.','DUITAMA','5.8326016','-73.0321768','Lunes a Domingo  11:00 am - 9:00 pm  ',0,0,0,1,0,NULL,'2020-02-20 00:00:08'),(157,'V600','GRAN PLAZA (FLORENCIA)','CARRERA 3A Bis No. 21A-14 D-22 Locales 266-268 y 269 Cccial Gran Plaza Florencia -  TEL DOMICILIOS (032) 6082224','FLORENCIA','1.6246162','-75.6061667','DOMINGO A DOMINGO 11:00 AM  a 9:00 pm',1,0,0,1,0,NULL,'2020-05-18 22:42:42'),(158,'V277','LA QUINTA','CARRERA 38 No.49-12 Local 416  CC LA QUINTA','FLORIDABLANCA','7.1153185','-73.1080136','domingo a jueves 10:00 am a 9:00 pm / viernes y sabado 10:00 am a 10:00 pm',0,1,0,1,0,NULL,'2020-02-19 23:59:59'),(159,'V278','MEGAMALL','AV. QUEBRADA SECA No.33 A–100 Local 58 Y 59','FLORIDABLANCA','7.1303028','-73.1120235','lunes a jueves 10: 00 am a 9:00 pm / viernes a domingo 10:00 am a 10:00 pm',0,0,0,1,0,NULL,'2020-02-19 23:59:55'),(160,'V430','PARQUE CARACOLÍ','CARRERA 27 No. 29-145  Local No. FC-409 CC PARQUE CARACOLI','FLORIDABLANCA','7.0720183','-73.1050766','Lunes - Jueves 11:00 am- 09:00 pm Domingo - Festivo 11:00 am - 9:00 pm  Festivo 11:00 am - 10:00 pm  ',0,0,0,1,0,NULL,'2020-02-19 23:59:49'),(161,'V458','PARQUE INDUSTRIAL SANTA LUCIA','KILOMETRO 3,3 VIA SIBERIA','FUNZA','4.7374143','-74.1797304','lunes a domingo de 11am a 9 pm',1,0,0,0,0,NULL,'2020-02-19 23:59:45'),(162,'V480','JUMBO GIRARDOT','CALLE 28 No. 12 -30 PARQUEADERO JUMBO - TEL DOMICILIOS: (031) 6543354','GIRARDOT','4.3053379','-74.803344','Lunes -Jueves y  Domingo  11:00 am - 9:00pm   Viernes - Sábado  11:00 am - 9:00 pm',0,0,0,1,0,NULL,'2020-05-28 20:38:38'),(163,'V350','VIVA WAJIRA','CALLE 15 No. 18-274 Local 215 - Tel domicilios: (035) 3610405','GUAJIRA','11.53612','-72.92191','Lunes - Jueves 10:00 am - 9:00 pm  Viernes - Sábado 10:00 am - 10:00 pm  Domingo - Antes de Festivo y Festivo 10:00 am - 9:00 pm ',1,0,0,1,0,NULL,'2020-05-28 20:42:29'),(164,'V436','MULTICENTRO','CARRERA 5 No. 60-123 Local 215. C.C. MULTICENTRO','IBAGUÉ','4.436638','-75.2019471','Lunes - Jueves 10:00 am - 9:00 pm  Viernes - Sábado - Antes de Festivo 10:00 am - 10:00 pm  Domingo  - Festivo 10:00 am - 9:00 pm  ',0,0,0,1,0,NULL,'2020-02-19 23:59:30'),(165,'V438','LA ESTACIÓN','CALLE 60 CON AMBALA  No. 12- 224 Local  272 - 2. C.C. LA ESTACION','IBAGUÉ','4.4461205','-75.2054071','Lunes - Jueves 10 - 9 /  Domingo 10:00 am - 9:00 pm / Viernes - Sábado   10:00 am - 10:00 pm                                         ',0,0,0,1,0,NULL,'2020-02-19 23:59:26'),(166,'V400','EL CABLE','CRA. 23 No. 65-11 C.C. EL CABLE PLAZA Local 117-118 - TEL DOMICILIOS: (032) 6082224','MANIZALES','5.0564205','-75.4856712','- Jueves - Domingo -  10:00 am - 9:00 pm  Viernes - Sábado - Antes de Festivo 10:00 am - 10:00 pm                                         ',0,0,0,0,0,NULL,'2020-05-28 20:49:43'),(167,'V401','FUNDADORES','CALLE 33B No. 20-73  Local&nbsp; 350 -351   C.C. FUNDADORES','MANIZALES','5.0695387','-75.5094194','Lunes - Jueves - Domingo  - Festivo 11:00 am - 9:30 pm   Viernes - Sábado 11:30 am - 10:00 pm   Antes de Festivo 11:00 am - 10:00 pm  ',0,0,0,1,0,NULL,'2020-02-26 21:43:18'),(168,'V403','MALL PLAZA MANIZALES','Carrera 14 D No. 55-251 Local FC-2105/2109  C.C. MALL PLAZA -  TEL DOMICILIOS: (032) 6082224','MANIZALES','5.065767','-75.490173','DOMINGO A JUEVES 10 : 00 AM 9 : 00 PM VIERNES Y SABDO 10 : 00 AM - 10 ;00 PM                            ',0,0,0,1,0,NULL,'2020-05-28 20:46:50'),(169,'V201','EL TESORO','CARRERA 25 A No. 1A SUR-45   Local - 1360','MEDELLÍN','6.197451','-75.5585039','Lunes - Domingo 10:00 am – 10:00 pm ',1,0,0,0,0,NULL,'2020-02-20 03:34:25'),(170,'V202','OVIEDO','CARRERA 43A No. 6 SUR - 15  Local 172 - TEL DOMICILIOS: (034) 2836999','MEDELLÍN','6.1988802','-75.5746937','LUNES MARTE Y MIERCOLES Y DOMINGO 09 ;00 AM - 9:00 PM JUEVES VIERNES Y SABADO 9 :00 AM - 10 :00PM ',1,1,0,1,0,NULL,'2020-05-28 20:36:53'),(171,'V203','LAURELES','TRANSVERSAL 39 B No. 74 - 09 - TEL DOMICILIOS: (034) 2836999','MEDELLÍN','6.2451985','-75.5955935','Domingo - Jueves  9:00 am - 11:00 pm  Viernes - Sábado  9:00 am - 12:00 pm',1,1,0,1,0,NULL,'2020-05-28 20:28:15'),(172,'V204','EL POBLADO','CARRERA 32D No. 9 - 92 - TEL DOMICILIOS: (034) 2836999','MEDELLÍN','6.208389','-75.5641258','lunes a jueves 9:oo am a 11:00 pm / viernes a domingo de 9:00 am a 12:00 am',1,1,0,1,0,NULL,'2020-05-28 20:27:21'),(173,'V205','UNICENTRO MEDELLÍN','CARRERA 66B No. 34A -76  Local 374 - 375','MEDELLÍN','6.241095','-75.5870962','Lunes - Jueves 10:00 am - 9:00 pm  Viernes - Sábado 10:00 am - 9:30 pm  Domingo - Antes de Festivo y Festivo 10:00 am - 8:00 pm ',0,0,0,1,0,NULL,'2020-02-19 23:58:02'),(174,'V206','JUMBO LA 65','CALLE 47 B No. 75-115 Local 4','MEDELLÍN','6.2514189','-75.5848217','Lunes - Jueves 10:00  am - 9:00 pm   Viernes - Sábado 10:00 am - 09:30 pm  Domingo - Antes de Festivo y Festivo 10:00 am - 9:00 pm  ',0,0,0,1,0,NULL,'2020-02-19 23:57:59'),(176,'V208','LA MOTA','CARRERA 70 No.1 SUR-26 - TEL DOMICILIOS:	(031) 6543354','MEDELLÍN','6.2100796','-75.5941612','domingo a domingo de 10:00 am a 10:00 pm',1,1,1,1,0,NULL,'2020-05-06 20:14:57'),(177,'V209','LOS MOLINOS','CALLE 30 A No. 82 A-26 Local 2085','MEDELLÍN','6.2333733','-75.6044984','Lunes a Sabado 10:00:00 am- 09:30:00 pm  Domingo y Festivos 10:00:00 -09:00:00 pm',0,0,0,1,0,NULL,'2020-02-19 23:57:47'),(178,'V211','RIONEGRO','SECTOR 3 PUERTAS','MEDELLÍN','6.12382','-75.42261','Lunes a Sabado 10:00:00 am- 09:30:00 pm  Domingo y Festivos 10:00:00 -09:00:00 pm',1,0,0,1,0,NULL,'2020-02-19 23:57:44'),(179,'V213','PREMIUM PLAZA','CARRERA 43 A No. 30 – 25 Local 2254','MEDELLÍN','6.2290005','-75.5703592','Lunes - Jueves 10:00 am -  9:00 pm          Viernes - Sábado 10:00  am - 10:00 pm                     Domingo y Festivo 10:00 am - 9:00 pm  ',0,0,0,0,0,NULL,'2020-02-19 23:57:36'),(180,'V216','SAN DIEGO','CALLE 34 No. 43 – 66 Local 2361- 2362','MEDELLÍN','6.2364236','-75.5697155','Domingo a jueves de 10 am a 8:30 pm\nViernes y sábados 10 am a 9 pm',0,0,0,0,0,NULL,'2020-02-19 23:57:32'),(181,'V218','SANTAFÉ MEDELLÍN','CARRERA 43A No. 7 SUR-130 Local N-486','MEDELLÍN','6.196747','-75.5735779','domingo a jueves de 10:00 am a 9:00 pm / viernes y sabado 10:00 am a 10:00 pm',0,0,0,1,0,NULL,'2020-02-19 23:57:28'),(182,'V219','CITY PLAZA','CALLE 36 D No. 27 A – 105 SUR Local 255-256 ENVIGADO Domicilios (034) 2836999','MEDELLÍN','6.1633822','-75.5735457','Domingo jueves  10 am -9:15pm  - Viernes y sabado 10am- 9:30 - Festivos 9:15 Antes Festivos 9:30',0,0,0,1,0,NULL,'2020-06-18 20:52:10'),(183,'V220','GRAN PLAZA','CALLE 45 No. 53 - 50 Locales  3025 - 3027','MEDELLÍN','6.2469742','-75.5723682','Lunes - Sábado  10:00 am – 8:00  pm    Domingo - Festivo 10 : 00 AM - 7 :00 PM ',0,0,0,0,0,NULL,'2020-06-18 20:55:04'),(184,'V221','PUERTA DEL NORTE','BELLO ANTOOQUIA DIAG 55 AV 35 -27 Locales 2029-2030 DOMICILIO (034) 2836999','MEDELLÍN','6.3393767','-75.5442023','domingo a jueves de 10:00 am a 9:00 pm / viernes y sabado 10:00 am a 10:00 pm',1,0,0,1,0,NULL,'2020-06-18 21:50:13'),(185,'V223','VIVA LAURELES','CARRERA 81 No. 37-100 Local L 130','MEDELLÍN','6.2455851','-75.6020951','Lunes - Jueves 10:00 am - 9:00 pm  Viernes - Sábado 10:00 am - 10:00 pm  Domingo  y Festivo 10:00 am - 8:00 pm  ',0,0,0,1,0,NULL,'2020-02-19 23:57:14'),(186,'V226','VEGAS PLAZA','CARRERA 48 No. 76 D Sur -34 Local 8 Mall Ccial Las Vegas Plaza DOMICILIO (034) 2836999','MEDELLÍN','6.1515206','-75.6232738',' Lunes a Jueves 10:00 am a 9:00 pm…Viernes y Sabado 10:00 am a 10:00 pm Domingos y festivos 10:00 am a 9:00 pm',0,0,0,1,0,NULL,'2020-06-18 22:06:56'),(187,'V228','ZONA 2','Carrera 32 No. 2 Sur -47 Local 101 Complejo Comercial Zona 2 Sur - TEL DOMICILIOS: (034) 2836999','MEDELLÍN','6.1981176','-75.565719','lunes a jueves 10:00 am - 10:00 pm  Viernes, Sábado-domingo y festivos  10:00 am - 11:00 pm ',1,1,0,0,0,NULL,'2020-05-28 20:27:48'),(188,'V229','MAYORCA II','Carrera 48 No. 50 Sur -128 Local 144','MEDELLÍN','6.1613236','-75.6055713','Lunes a domingo  10:00 a 9:00 pm  y S 10:00 a 9:30 pm Domingo 10: 8:30',1,0,0,1,0,NULL,'2020-02-19 23:57:03'),(189,'V231','ONE PLAZA','Carrera 43A No. 5A-113/123 Local 07 (123)','MEDELLÍN','6.20638','-75.57183','LUNES A VIERNES 8:00 AM A 9:00 PM SÁBADO Y DOMINGO 8:00 AM A 8:30 PM',1,0,0,1,0,NULL,'2020-02-19 23:57:00'),(190,'V232','PALMS AVENUE','Calle 18 No. 35-69 Local 250 Terraza 6 Cuarto Util 05','MEDELLÍN','6.217447','-75.565069','Lunes - Jueves - 10:00 am -  9:00 pm       Viernes - Sábado 1:000 am - 11:00 pm        Domigo y Festivo 10:00 am -  9:00 pm ',0,0,0,0,0,NULL,'2020-02-19 23:56:57'),(191,'V234','VIVA ENVIGADO','Carrera 48 No. 32B Sur - 139 Local 341','MEDELLÍN','6.1751567','-75.5936533','Domingo a Jueves 10 am -9pm  Viernes - sabados 10:00 am 10:00 pm Festivos 9 antes de festivo 10',0,0,0,1,0,NULL,'2020-03-02 21:49:07'),(192,'V297','BUENAVISTA-MONTERÍA','CARRERA 6 No. 68-72 Local 227 CC Buenavista','MONTERÍA','8.7785041','-75.8611321','Domingo a jueves 10:00 am - 9:00 pm viernes y sabado 10;:00am 10:00pm',0,0,0,1,0,NULL,'2020-02-19 23:53:30'),(193,'V298','ALAMEDAS','Calle 44 No. 10-91 Local 130 A 2 - TEL DOMICILIOS (035) 3610405','MONTERÍA','8.763362','-75.87293','Domingo - Jueves 10:00 am - 9:00 pm Viernes - Sábado - Domingo y Antes de Festivo  10:00 am -9:30 pm ',0,0,0,0,0,NULL,'2020-05-18 22:40:47'),(194,'V473','ECOPLAZA MOSQUERA','CARRERA 3 No. 15 A-57 Locales 8 y 9 C.C. Ecoplaza - TEL DOMICILIOS: 	(031) 6543354','MOSQUERA','4.7127202','-74.221369','Lunes a domingo de 11 a 9pm',0,0,0,1,0,NULL,'2020-05-06 20:40:25'),(195,'V451','SAN PEDRO','CRA. 8A No. 38-42 Local 142','NEIVA','2.9501179','-75.2879065','Lunes - Jueves - Domingo - Antes de Festivo - Festivo 11:00 am - 10:00 pm  Viernes - Sábado 11:00 am - 11:00 pm    ',0,0,0,0,0,NULL,'2020-02-26 16:39:42'),(196,'V412','UNICENTRO PALMIRA','CALLE 42 No. 35-188 Local 2-08 CC UNICENTRO PALMIRA','PALMIRA','3.5403423','-76.3107991','TODOS LOS DIAS 10:00 am – 10:00 pm ',0,0,0,1,0,NULL,'2020-02-19 23:55:23'),(197,'V472','UNICENTRO PASTO','AV PANAMERICANA ENTRE CALLES 11-12 BARRIO LA AURORA Locales 259-260','PASTO','1.2159016','-77.2888385','domingo a jueves 10:00 am a 9:00 pm / viernes y sabado 10:00 am a 10:00 pm',1,0,1,1,0,NULL,'2020-02-19 23:55:20'),(198,'V409','UNICENTRO PEREIRA','AVENIDA 30 DE AGOSTO No. 75- 51 Local C- 39 C.C. UNICENTRO  C.C. UNICENTRO','PEREIRA','4.8088731','-75.7429272','domingo a jueves de 10:00 am a 9:00 pm / viernes y sabado de 10:00 am a 10:00 pm',0,0,0,1,0,NULL,'2020-02-19 23:55:16'),(199,'V410','PARQUE ARBOLEDA','AVENIDA CIRCUNVALAR No. 5-20 Local FC4B C.C. PARQUE ARBOLEDA DOMICILIO (032) 6082224','PEREIRA','4.8067763','-75.6836504','Domingo -Jueves 11:00 am -9:00 pm  Viernes - Sábado 11:00 am-10 :00 pm- Antes de Festivo 11:00 am - 9:00 pm                                         ',0,0,0,1,0,NULL,'2020-06-18 21:47:59'),(201,'V395','CAMPANARIO','CARRERA 9 No. 24 AN -21 Local C - 18 - TEL DOMICILIOS: (032) 6082224','POPAYAN','2.4594952','-76.5943193','LUNES A DOMINGO DE 10 :00 AM - 9:30 PM',0,0,0,0,0,NULL,'2020-05-28 20:44:48'),(202,'V500','SAN ANDRÉS','AVENIDA COLOMBIA No. 1A -16','SAN ANDRÉS','12.5830846','-81.6898955','TODOS LOS DIAS DE 11:00 am - 11:00 pm   ',1,0,0,0,0,NULL,'2020-02-20 03:44:42'),(203,'V441','OCEAN MALL','AV. DEL RÍO CON AVDA. FERROCARRIL Locales 23-24 - TEL DOMICILIOS (035) 3610405','SANTA MARTA','11.2319457','-74.1998114','Domingo - Jueves 11:00 am - 9:00 pm:  Viernes - Sábado - Domingo - Antes de Festivo  11:00  am - 10:00 pm ',0,0,0,1,0,NULL,'2020-05-18 22:41:58'),(204,'V442','BUENAVISTA SANTA MARTA','AV. EL LIBERTADOR PARQUE TRUPILLOS Local 41 Y 42','SANTA MARTA','11.226972','-74.1729605','Domingo - Jueves 11:00 am - 10:00 pm:  Viernes - Sábado - Domingo - Antes de Festivo  11:00 am -11:00 pm ',0,0,0,0,0,NULL,'2020-06-25 19:10:27'),(205,'V445','ZAZUE','CARRERA 7 No. 116A-94 Local 1-53 DOMICILIO (035) 3610405','SANTA MARTA','11.1468611','-74.2223239','Domingo - Jueves 11:00 am - 9:00 pm  Viernes - Sábado - Doming- Antes de Festivo  11:00 am - 10:00 pm ',1,1,0,0,0,NULL,'2020-06-18 22:15:53'),(206,'V286','GUACARÍ','CALLE 32 No. 25B-350 Domicilios (035) 6517261','SINCELEJO','9.30207','-75.38522','Domingo - Jueves 11:00 am - 9:00 pm  Viernes - Sábado - Domingo y Antes de  Festivo 11:00 - 10:00 pm ',1,0,0,0,0,NULL,'2020-06-18 20:55:51'),(207,'V439','MELGAR','CARRERA 22 No. 5- 25/47','TOLIMA','4.2067223','-74.6418308','Lunes a Domingo 11:00 am - 9:00 pm',0,0,0,1,0,NULL,'2020-02-19 23:54:47'),(208,'V416','LA HERRADURA','CARRERA 19C CON CLLE  28 Local G  15 - C.C LA HERRADURA - TEL DOMICILIOS (032) 6082224','TULUÁ','4.0835758','-76.2040097','Lunes - Jueves 10:00:00 am -9:00:00 - Domingo 10:00:00 am 09:00:00 pm - Festivo 11:00 am - 10:00 pm  Viernes - Sábado 10:00:00 am -10:00 pm                                          ',0,0,0,1,0,NULL,'2020-05-18 22:43:12'),(209,'V290','GUATAPURÍ','AVDA HURTADO DIAGONAL 10 No. 6 N - 15 Local 150 - 151 - TEL DOMICILIOS (035) 3610405','VALLEDUPAR','10.4946743','-73.2690132','Domingo - Jueves 10:00 am - 9:00 pm Viernes - Sábado -  10:00 am - 10:00 pm',1,0,1,0,0,NULL,'2020-05-18 22:00:55'),(210,'V291','MAYALES PLAZA','CALLE 31 No. 6 A- 133','VALLEDUPAR','10.4551803','-73.2418692','Domingo - Jueves 10:00 am - 8:00 pm Viernes - Sábado - Domingo y Antes de Festivo 10:00 am - 9:00 pm',1,0,0,1,0,NULL,'2020-02-19 20:23:13'),(211,'V456','UNICENTRO (VILLAVICENCIO)','AVDA. 40 No. 26 C-10A 40 Local 319 -ER PISO   UNICENTRO','VILLAVICENCIO','4.1417744','-73.6335254','Luneas a domingo 10:00 am a 8:00 pm',1,0,0,1,0,NULL,'2020-02-19 20:17:36'),(212,'V457','VIVA VILLAVICENCIO','CALLE  7 No. 45-185  Local 110 – 111 PRIMER PISO','VILLAVICENCIO','4.12623','-73.63764','TODOS LOS DÍAS 11AM A 10PM',0,0,0,1,0,NULL,'2020-02-19 23:53:54'),(213,'V497','PRIMAVERA URBANA','Calle 15 No. 40 - 01 Local 140','VILLAVICENCIO','4.1337','-73.63773','Domingo a jueves de 01am a 8pm viernes y sabado de 10:00am a 9:00pm',1,0,0,0,0,NULL,'2020-02-20 03:47:20'),(214,'V496','UNICENTRO - YOPAL','CARRERA 29 No. 14-47 C Local No. 2-66 CCIAL UNICENTRO YOPAL','YOPAL','5.3475314','-72.3905475','Lunes - Jueves - Domingo - Antes de Festivo - Festivo 11:00 am - 9:00 pm Viernes - Sábado 11:00 am - 9:00 pm',0,0,0,1,0,NULL,'2020-02-19 20:20:50'),(215,'V235','ARKADIA','CR 70 CL 1 - 19 Interior 443','Medellín','6.211674','-75.594447','DOMINGO A JUEVES 11:00 AM 9:00 PM VIERNES Y SÁBADO: 11:00 AM A 10:00 PM',0,0,0,0,0,'2019-11-15 19:30:24','2020-02-26 20:29:43'),(216,'V129','RESTREPO','Calle 17 sur # 19-04 - TEL DOMICILIOS: (031) 6543354','BOGOTÁ, D.C.','4.5863012','-74.101481','Lunes - Jueves 11:00 am - 9:00 pm Viernes - Sabado 11:00 am - 10:00 pm  Domingo 11:00 am a 8:00 pm ',1,0,0,0,0,'2019-11-29 16:29:57','2020-05-06 19:46:16'),(217,'V173','ROOSEVELT','CALLE 6 # 37-39 Piso 1-2-3 AV. ROOSEVELT - TEL DOMICILIOS: (032) 6082224','CALI','3.4245753','-76.5411722','Domingo - Jueves 10:00 am - 11:00 pm:  Viernes - Sábado   11:00 am - 12:00 am. Antes de festivo 10:00 am -12:00 am.  Festivo 10:00 am 11:00 pm',1,0,0,0,0,'2020-02-14 15:04:00','2020-05-07 00:36:19'),(220,'V112','VIVA TUNJA','AV. UNIVERSITARIA No. 50 - 21 Lo 1 B Local 267','TUNJA','5.5567095','-73.3454251','Domingo a Jueves 11:00 am - 9:00 pm Viernes - Sábado 11:00 am - 10pm',0,0,0,1,0,'2020-02-26 20:48:51','2020-02-26 20:48:51'),(224,'V132','Paseo Villa del Río','Carrera 63 No. 57G - 46 Sur Local 348','BOGOTÁ, D.C.','4.5970699','-74.1554481','Lunes -Jueves 08:00am - 8:pm Viernes - Sabado 08:00 am - 10:00: pm Domingo 10: 9 :00pm Antes delL Festivo 10 :00 - 9:00pm y Festivo 8:00 - 9:00 pm',0,0,0,0,0,'2020-11-13 20:03:22','2020-11-13 21:38:34'),(225,'V128','EC FUSAGASUGÁ','Calle 8 No. 24-84 Local 225 Fusagasuga Cundinamarca','FUSAGASUGÁ','4.3433953','-74.3589355','Domingo a domingo 11:00 am a  9:00 pm',0,0,0,0,0,'2020-12-07 22:29:26','2020-12-07 22:51:18'),(226,'V413','LLANOGRANDE PALMIRA','Calle 31 No. 44 - 239 Local 512 - 512a Palmira','PALMIRA','3.5286982','Lunes a dom de 10 a 10:00 pm','Lunes a domingo de 10 a 10:00 pm',0,0,0,0,0,'2020-12-15 18:06:46','2020-12-15 18:06:46'),(228,'V130','El Eden','Carrera 72 # 12b - 48 L3 - 070','BOGOTÁ, D.C.','4.6466253','-74.1310787','domingo a domingo 11:00 am a 9:00 pm',0,0,0,0,0,'2021-02-17 18:44:13','2021-02-17 18:44:13');
/*!40000 ALTER TABLE `restaurants` ENABLE KEYS */;
UNLOCK TABLES;

--
-- Table structure for table `slides`
--

DROP TABLE IF EXISTS `slides`;
/*!40101 SET @saved_cs_client     = @@character_set_client */;
/*!40101 SET character_set_client = utf8 */;
CREATE TABLE `slides` (
  `id` int(10) unsigned NOT NULL AUTO_INCREMENT,
  `title` varchar(255) COLLATE utf8mb4_unicode_ci NOT NULL,
  `copy` varchar(255) COLLATE utf8mb4_unicode_ci DEFAULT NULL,
  `uri` varchar(255) COLLATE utf8mb4_unicode_ci DEFAULT NULL,
  `button_text` varchar(45) COLLATE utf8mb4_unicode_ci DEFAULT NULL,
  `img_uri` varchar(255) COLLATE utf8mb4_unicode_ci NOT NULL,
  `order` int(11) NOT NULL DEFAULT '1',
  PRIMARY KEY (`id`)
) ENGINE=InnoDB AUTO_INCREMENT=32 DEFAULT CHARSET=utf8mb4 COLLATE=utf8mb4_unicode_ci;
/*!40101 SET character_set_client = @saved_cs_client */;

--
-- Dumping data for table `slides`
--

LOCK TABLES `slides` WRITE;
/*!40000 ALTER TABLE `slides` DISABLE KEYS */;
INSERT INTO `slides` VALUES (23,'Pide Domicilio\r\nEn Línea','Donde estés\r\nEstamos Contigo','https://pideenlinea.elcorral.com/?source=pagElCorral','¡Estás a un clic!','/img/sliders/20201109025354.png',4),(27,'Arma tus hamburguesas favoritas en casa','¡Planzazo El Corral!','https://pideenlinea.elcorral.com/?source=pagElCorral#no-back-button','Clic aquí','/img/sliders/20210312072919.jpeg',3),(30,'Corralazos','Llénate de ganas\r\ncon nuestros','https://pideenlinea.elcorral.com/?source=pagElCorral#no-back-button','¡Pídelos Aquí!','/img/sliders/20210201044700.jpeg',1),(31,'¡Deliciosamente\r\nfrescas!',NULL,'/lo-nuevo/ensaladas','¡Pídelas Aquí!','/img/sliders/20210215051919.png',1);
/*!40000 ALTER TABLE `slides` ENABLE KEYS */;
UNLOCK TABLES;

--
-- Table structure for table `users`
--

DROP TABLE IF EXISTS `users`;
/*!40101 SET @saved_cs_client     = @@character_set_client */;
/*!40101 SET character_set_client = utf8 */;
CREATE TABLE `users` (
  `id` int(10) unsigned NOT NULL AUTO_INCREMENT,
  `name` varchar(255) COLLATE utf8mb4_unicode_ci NOT NULL,
  `email` varchar(255) COLLATE utf8mb4_unicode_ci NOT NULL,
  `password` varchar(255) COLLATE utf8mb4_unicode_ci NOT NULL,
  `super_u` tinyint(1) DEFAULT '0',
  `active` tinyint(1) DEFAULT '1',
  `remember_token` varchar(255) COLLATE utf8mb4_unicode_ci DEFAULT NULL,
  PRIMARY KEY (`id`)
) ENGINE=InnoDB AUTO_INCREMENT=2 DEFAULT CHARSET=utf8mb4 COLLATE=utf8mb4_unicode_ci;
/*!40101 SET character_set_client = @saved_cs_client */;

--
-- Dumping data for table `users`
--

LOCK TABLES `users` WRITE;
/*!40000 ALTER TABLE `users` DISABLE KEYS */;
INSERT INTO `users` VALUES (1,'Administrador','admin@elcorral.com','$2y$10$BxkyOfR3n1BQHJ4ZQhIFF.NsjTbpg7jsonO65ONcDWbM4FfZgNnKG',1,1,'eGTYgymYYjrxpbmr6vHw2N8iamXf7b531eGx5mtz3nTgfXzOrsq9hqeCMctE');
/*!40000 ALTER TABLE `users` ENABLE KEYS */;
UNLOCK TABLES;
/*!40103 SET TIME_ZONE=@OLD_TIME_ZONE */;

/*!40101 SET SQL_MODE=@OLD_SQL_MODE */;
/*!40014 SET FOREIGN_KEY_CHECKS=@OLD_FOREIGN_KEY_CHECKS */;
/*!40014 SET UNIQUE_CHECKS=@OLD_UNIQUE_CHECKS */;
/*!40101 SET CHARACTER_SET_CLIENT=@OLD_CHARACTER_SET_CLIENT */;
/*!40101 SET CHARACTER_SET_RESULTS=@OLD_CHARACTER_SET_RESULTS */;
/*!40101 SET COLLATION_CONNECTION=@OLD_COLLATION_CONNECTION */;
/*!40111 SET SQL_NOTES=@OLD_SQL_NOTES */;

-- Dump completed on 2021-06-17  1:02:37
